# Version 1.00,,,,,,,,,,,,,
#,,,,,,,,,,,,,
# Ref Impedances: Z01: 50, Z02: 50,,,,,,,,,,,,
# ,,,,,,,,,,Normalized,,,
freq[Hz],re:Trc1_S11,im:Trc1_S11,re:Trc2_S12,im:Trc2_S12,re:Trc3_S21,im:Trc3_S21,re:Trc4_S22,im:Trc4_S22,,s11,s12,s21,s22
1.00E+08,1.38E-02,5.55E-03,8.65E-01,4.24E-01,8.90E-01,3.53E-01,8.99E-03,-1.11E-02,,-36.58,-0.33,-0.37,-36.89
1.10E+08,6.97E-03,-1.70E-02,9.56E-01,-1.13E-01,9.41E-01,-1.87E-01,-2.39E-02,-1.70E-02,,-34.73,-0.33,-0.36,-30.66
1.20E+08,-1.21E-02,-2.08E-02,7.41E-01,-6.13E-01,6.88E-01,-6.67E-01,-3.85E-02,1.44E-02,,-32.38,-0.34,-0.37,-27.73
1.29E+08,-1.66E-02,-7.00E-03,2.91E-01,-9.16E-01,2.12E-01,-9.36E-01,-1.31E-02,3.51E-02,,-34.89,-0.35,-0.35,-28.52
1.39E+08,-6.53E-03,-4.83E-05,-2.53E-01,-9.27E-01,-3.37E-01,-9.02E-01,1.17E-02,1.72E-02,,-43.70,-0.35,-0.33,-33.64
1.49E+08,5.81E-04,-1.69E-02,-7.18E-01,-6.39E-01,-7.62E-01,-5.78E-01,2.98E-03,-8.65E-03,,-35.41,-0.35,-0.38,-40.77
1.59E+08,6.99E-03,-2.94E-02,-9.49E-01,-1.31E-01,-9.37E-01,-7.95E-02,-2.11E-02,-1.25E-02,,-30.40,-0.37,-0.53,-32.21
1.69E+08,4.88E-03,-3.79E-02,-8.70E-01,3.98E-01,-8.26E-01,4.48E-01,-3.98E-02,8.01E-03,,-28.36,-0.39,-0.54,-27.83
1.78E+08,3.80E-03,-4.41E-02,-5.19E-01,8.01E-01,-4.57E-01,8.34E-01,-2.66E-02,4.02E-02,,-27.08,-0.40,-0.44,-26.34
1.88E+08,-2.88E-03,-6.08E-02,-4.27E-03,9.53E-01,6.68E-02,9.47E-01,1.22E-02,3.73E-02,,-24.32,-0.42,-0.45,-28.12
1.98E+08,-1.67E-02,-5.94E-02,5.16E-01,8.00E-01,5.70E-01,7.57E-01,2.18E-02,-1.21E-03,,-24.20,-0.43,-0.47,-33.22
2.08E+08,-1.97E-02,-4.20E-02,8.66E-01,3.89E-01,8.87E-01,3.25E-01,-9.64E-03,-2.19E-02,,-26.68,-0.45,-0.50,-32.43
2.18E+08,1.86E-03,-3.61E-02,9.36E-01,-1.43E-01,9.20E-01,-2.09E-01,-3.83E-02,-2.03E-03,,-28.83,-0.48,-0.51,-28.32
2.27E+08,1.85E-02,-6.01E-02,7.07E-01,-6.25E-01,6.58E-01,-6.74E-01,-3.47E-02,2.86E-02,,-24.04,-0.50,-0.52,-26.94
2.37E+08,8.94E-04,-8.75E-02,2.56E-01,-9.06E-01,1.90E-01,-9.20E-01,-1.16E-02,4.01E-02,,-21.16,-0.53,-0.54,-27.60
2.47E+08,-3.31E-02,-8.31E-02,-2.77E-01,-8.98E-01,-3.40E-01,-8.74E-01,9.29E-03,3.17E-02,,-20.96,-0.54,-0.55,-29.61
2.57E+08,-4.31E-02,-5.36E-02,-7.18E-01,-6.04E-01,-7.62E-01,-5.51E-01,1.77E-02,1.19E-02,,-23.24,-0.55,-0.53,-33.42
2.67E+08,-1.83E-02,-3.67E-02,-9.30E-01,-1.17E-01,-9.39E-01,-4.77E-02,6.83E-03,-1.12E-02,,-27.73,-0.56,-0.53,-37.64
2.76E+08,6.94E-03,-5.70E-02,-8.42E-01,4.06E-01,-8.08E-01,4.71E-01,-2.55E-02,-1.70E-02,,-24.82,-0.58,-0.58,-30.28
2.86E+08,-6.41E-03,-9.40E-02,-4.86E-01,7.96E-01,-4.21E-01,8.32E-01,-5.32E-02,1.48E-02,,-20.52,-0.60,-0.60,-25.16
2.96E+08,-4.89E-02,-9.94E-02,2.39E-02,9.30E-01,9.36E-02,9.24E-01,-3.63E-02,6.38E-02,,-19.11,-0.62,-0.64,-22.69
3.06E+08,-7.49E-02,-6.27E-02,5.25E-01,7.67E-01,5.77E-01,7.27E-01,2.36E-02,7.45E-02,,-20.20,-0.64,-0.65,-22.14
3.16E+08,-5.36E-02,-2.56E-02,8.56E-01,3.59E-01,8.80E-01,2.98E-01,6.43E-02,2.08E-02,,-24.52,-0.64,-0.64,-23.41
3.25E+08,-1.42E-02,-3.18E-02,9.13E-01,-1.64E-01,9.00E-01,-2.27E-01,3.00E-02,-4.40E-02,,-29.16,-0.65,-0.65,-25.47
3.35E+08,-1.13E-02,-6.90E-02,6.75E-01,-6.33E-01,6.30E-01,-6.78E-01,-4.73E-02,-3.90E-02,,-23.10,-0.68,-0.67,-24.26
3.45E+08,-4.68E-02,-8.26E-02,2.23E-01,-8.95E-01,1.66E-01,-9.07E-01,-7.50E-02,3.69E-02,,-20.45,-0.70,-0.70,-21.56
3.55E+08,-7.37E-02,-5.23E-02,-2.95E-01,-8.72E-01,-3.48E-01,-8.53E-01,-1.60E-02,9.48E-02,,-20.89,-0.72,-0.72,-20.34
3.65E+08,-5.79E-02,-1.45E-02,-7.20E-01,-5.74E-01,-7.54E-01,-5.30E-01,6.01E-02,6.46E-02,,-24.48,-0.71,-0.71,-21.09
3.74E+08,-2.04E-02,-1.22E-02,-9.18E-01,-8.90E-02,-9.22E-01,-3.68E-02,6.18E-02,-1.51E-02,,-32.46,-0.70,-0.70,-23.93
3.84E+08,-7.26E-03,-3.94E-02,-8.18E-01,4.25E-01,-7.92E-01,4.70E-01,-6.97E-03,-4.51E-02,,-27.94,-0.71,-0.72,-26.82
3.94E+08,-2.52E-02,-5.54E-02,-4.55E-01,7.99E-01,-4.08E-01,8.23E-01,-5.62E-02,4.69E-03,,-24.31,-0.73,-0.74,-24.98
4.04E+08,-4.25E-02,-4.12E-02,5.00E-02,9.16E-01,1.03E-01,9.11E-01,-3.03E-02,6.15E-02,,-24.55,-0.74,-0.75,-23.28
4.14E+08,-3.46E-02,-1.76E-02,5.38E-01,7.43E-01,5.80E-01,7.09E-01,2.35E-02,5.56E-02,,-28.23,-0.75,-0.76,-24.39
4.23E+08,-8.81E-03,-1.17E-02,8.55E-01,3.31E-01,8.72E-01,2.82E-01,2.98E-02,9.98E-03,,-36.71,-0.75,-0.76,-30.04
4.33E+08,1.27E-02,-2.53E-02,8.97E-01,-1.85E-01,8.84E-01,-2.36E-01,-9.75E-03,-1.90E-03,,-30.95,-0.76,-0.77,-40.05
4.43E+08,2.01E-02,-4.61E-02,6.51E-01,-6.41E-01,6.14E-01,-6.77E-01,-2.73E-02,3.60E-02,,-25.98,-0.78,-0.78,-26.90
4.53E+08,1.60E-02,-6.40E-02,1.99E-01,-8.90E-01,1.49E-01,-9.00E-01,8.80E-03,6.34E-02,,-23.62,-0.80,-0.80,-23.88
4.63E+08,5.10E-03,-7.33E-02,-3.17E-01,-8.55E-01,-3.61E-01,-8.37E-01,4.92E-02,3.40E-02,,-22.67,-0.80,-0.81,-24.47
4.72E+08,-3.08E-03,-7.03E-02,-7.27E-01,-5.51E-01,-7.58E-01,-5.05E-01,3.37E-02,-1.81E-02,,-23.05,-0.80,-0.81,-28.34
4.82E+08,4.86E-03,-6.25E-02,-9.09E-01,-6.57E-02,-9.10E-01,-1.41E-02,-2.56E-02,-2.37E-02,,-24.06,-0.81,-0.82,-29.15
4.92E+08,2.77E-02,-7.24E-02,-7.96E-01,4.36E-01,-7.70E-01,4.82E-01,-5.82E-02,3.17E-02,,-22.21,-0.84,-0.84,-23.57
5.02E+08,3.75E-02,-1.11E-01,-4.31E-01,7.96E-01,-3.84E-01,8.19E-01,-2.28E-02,9.02E-02,,-18.65,-0.87,-0.87,-20.63
5.12E+08,9.67E-03,-1.49E-01,6.45E-02,9.02E-01,1.19E-01,8.92E-01,4.89E-02,9.10E-02,,-16.49,-0.87,-0.92,-19.71
5.21E+08,-3.75E-02,-1.51E-01,5.42E-01,7.25E-01,5.80E-01,6.86E-01,9.03E-02,2.96E-02,,-16.17,-0.87,-0.93,-20.45
5.31E+08,-5.66E-02,-1.17E-01,8.50E-01,3.13E-01,8.61E-01,2.65E-01,6.13E-02,-4.27E-02,,-17.70,-0.86,-0.91,-22.53
5.41E+08,-3.17E-02,-9.96E-02,8.83E-01,-2.01E-01,8.68E-01,-2.47E-01,-2.00E-02,-6.16E-02,,-19.62,-0.86,-0.89,-23.77
5.51E+08,-9.47E-03,-1.32E-01,6.30E-01,-6.46E-01,5.89E-01,-6.77E-01,-8.69E-02,-3.50E-04,,-17.54,-0.90,-0.93,-21.22
5.61E+08,-4.08E-02,-1.79E-01,1.82E-01,-8.78E-01,1.27E-01,-8.80E-01,-7.22E-02,9.91E-02,,-14.73,-0.94,-1.02,-18.23
5.70E+08,-1.07E-01,-1.76E-01,-3.20E-01,-8.34E-01,-3.61E-01,-8.08E-01,2.80E-02,1.47E-01,,-13.73,-0.98,-1.06,-16.52
5.80E+08,-1.42E-01,-1.18E-01,-7.18E-01,-5.31E-01,-7.40E-01,-4.92E-01,1.31E-01,8.14E-02,,-14.67,-0.98,-1.02,-16.25
5.90E+08,-1.12E-01,-6.96E-02,-8.93E-01,-5.91E-02,-8.96E-01,-1.35E-02,1.27E-01,-5.19E-02,,-17.58,-0.97,-0.95,-17.24
6.00E+08,-6.98E-02,-8.27E-02,-7.75E-01,4.44E-01,-7.60E-01,4.79E-01,6.59E-05,-1.19E-01,,-19.31,-0.98,-0.94,-18.48
6.10E+08,-8.57E-02,-1.24E-01,-3.96E-01,7.95E-01,-3.75E-01,8.09E-01,-1.26E-01,-3.45E-02,,-16.45,-1.03,-1.00,-17.66
6.19E+08,-1.44E-01,-1.20E-01,1.04E-01,8.77E-01,1.07E-01,8.79E-01,-1.11E-01,1.22E-01,,-14.54,-1.08,-1.06,-15.64
6.29E+08,-1.71E-01,-6.23E-02,5.56E-01,6.85E-01,5.57E-01,6.88E-01,3.94E-02,1.82E-01,,-14.79,-1.09,-1.05,-14.62
6.39E+08,-1.34E-01,-3.66E-03,8.38E-01,2.88E-01,8.49E-01,2.72E-01,1.59E-01,7.77E-02,,-17.45,-1.05,-1.00,-15.05
6.49E+08,-7.40E-02,-3.72E-03,8.67E-01,-2.03E-01,8.63E-01,-2.44E-01,1.21E-01,-6.72E-02,,-22.60,-1.00,-0.95,-17.16
6.59E+08,-5.93E-02,-4.28E-02,6.24E-01,-6.40E-01,5.86E-01,-6.77E-01,-1.71E-02,-9.48E-02,,-22.72,-0.97,-0.96,-20.33
6.68E+08,-8.76E-02,-5.20E-02,1.76E-01,-8.76E-01,1.24E-01,-8.83E-01,-9.17E-02,8.87E-03,,-19.84,-0.98,-0.99,-20.71
6.78E+08,-9.77E-02,-1.54E-02,-3.26E-01,-8.29E-01,-3.72E-01,-8.09E-01,-3.40E-02,1.03E-01,,-20.10,-1.00,-1.01,-19.33
6.88E+08,-5.91E-02,1.76E-02,-7.23E-01,-5.21E-01,-7.52E-01,-4.79E-01,5.58E-02,8.54E-02,,-24.20,-1.00,-0.99,-19.83
6.98E+08,-6.66E-03,4.70E-03,-8.92E-01,-4.46E-02,-8.93E-01,6.94E-03,6.26E-02,1.33E-02,,-41.78,-0.98,-0.98,-23.88
7.08E+08,1.34E-02,-3.48E-02,-7.72E-01,4.49E-01,-7.45E-01,4.92E-01,6.49E-03,6.32E-04,,-28.56,-0.98,-0.98,-43.72
7.17E+08,6.54E-03,-5.84E-02,-4.01E-01,7.95E-01,-3.57E-01,8.17E-01,-3.69E-03,5.26E-02,,-24.62,-1.01,-1.00,-25.56
7.27E+08,7.95E-03,-6.23E-02,9.52E-02,8.82E-01,1.44E-01,8.78E-01,5.65E-02,6.66E-02,,-24.04,-1.04,-1.01,-21.18
7.37E+08,2.45E-02,-7.50E-02,5.55E-01,6.91E-01,5.99E-01,6.56E-01,8.91E-02,-3.35E-03,,-22.06,-1.05,-1.03,-21.00
7.47E+08,3.22E-02,-1.04E-01,8.42E-01,2.78E-01,8.56E-01,2.24E-01,1.99E-02,-6.89E-02,,-19.23,-1.05,-1.06,-22.89
7.57E+08,2.25E-02,-1.29E-01,8.52E-01,-2.33E-01,8.40E-01,-2.67E-01,-8.19E-02,-2.25E-02,,-17.66,-1.07,-1.10,-21.42
7.66E+08,1.69E-02,-1.42E-01,5.85E-01,-6.53E-01,5.58E-01,-6.79E-01,-8.20E-02,1.04E-01,,-16.89,-1.15,-1.12,-17.54
7.76E+08,2.08E-02,-1.66E-01,1.44E-01,-8.57E-01,9.64E-02,-8.70E-01,4.04E-02,1.68E-01,,-15.51,-1.22,-1.16,-15.24
7.86E+08,5.40E-03,-2.09E-01,-3.36E-01,-8.00E-01,-3.89E-01,-7.76E-01,1.63E-01,8.94E-02,,-13.58,-1.23,-1.23,-14.62
7.96E+08,-4.56E-02,-2.37E-01,-7.16E-01,-4.95E-01,-7.39E-01,-4.43E-01,1.59E-01,-6.15E-02,,-12.33,-1.20,-1.30,-15.38
8.06E+08,-9.86E-02,-2.20E-01,-8.74E-01,-2.82E-02,-8.61E-01,2.15E-02,2.69E-02,-1.39E-01,,-12.35,-1.17,-1.30,-17.00
8.15E+08,-1.09E-01,-1.83E-01,-7.47E-01,4.54E-01,-7.16E-01,4.86E-01,-1.08E-01,-6.88E-02,,-13.42,-1.17,-1.25,-17.82
8.25E+08,-8.80E-02,-1.84E-01,-3.77E-01,7.83E-01,-3.33E-01,8.00E-01,-1.25E-01,8.16E-02,,-13.79,-1.22,-1.25,-16.52
8.35E+08,-1.02E-01,-2.26E-01,1.05E-01,8.57E-01,1.56E-01,8.42E-01,-1.27E-02,1.81E-01,,-12.11,-1.28,-1.35,-14.82
8.45E+08,-1.72E-01,-2.41E-01,5.47E-01,6.64E-01,5.73E-01,6.19E-01,1.36E-01,1.49E-01,,-10.57,-1.31,-1.48,-13.91
8.55E+08,-2.38E-01,-1.85E-01,8.18E-01,2.67E-01,8.11E-01,2.25E-01,2.01E-01,5.22E-03,,-10.42,-1.30,-1.50,-13.92
8.64E+08,-2.33E-01,-1.02E-01,8.36E-01,-2.18E-01,8.17E-01,-2.44E-01,1.18E-01,-1.39E-01,,-11.90,-1.27,-1.38,-14.77
8.74E+08,-1.73E-01,-7.51E-02,5.83E-01,-6.40E-01,5.58E-01,-6.61E-01,-5.93E-02,-1.51E-01,,-14.49,-1.25,-1.25,-15.81
8.84E+08,-1.53E-01,-1.18E-01,1.39E-01,-8.50E-01,9.85E-02,-8.58E-01,-1.69E-01,2.56E-03,,-14.30,-1.30,-1.28,-15.43
8.94E+08,-2.10E-01,-1.37E-01,-3.39E-01,-7.83E-01,-3.77E-01,-7.62E-01,-9.26E-02,1.82E-01,,-12.02,-1.38,-1.42,-13.78
9.04E+08,-2.65E-01,-7.05E-02,-7.00E-01,-4.77E-01,-7.15E-01,-4.44E-01,1.06E-01,2.09E-01,,-11.23,-1.44,-1.49,-12.61
9.13E+08,-2.36E-01,2.91E-02,-8.49E-01,-3.21E-02,-8.50E-01,9.01E-05,2.31E-01,5.04E-02,,-12.49,-1.42,-1.41,-12.51
9.23E+08,-1.36E-01,6.09E-02,-7.40E-01,4.32E-01,-7.29E-01,4.69E-01,1.55E-01,-1.36E-01,,-16.53,-1.34,-1.25,-13.71
9.33E+08,-7.48E-02,1.20E-03,-3.93E-01,7.68E-01,-3.50E-01,8.02E-01,-4.08E-02,-1.54E-01,,-22.52,-1.28,-1.16,-15.95
9.43E+08,-1.07E-01,-4.77E-02,9.37E-02,8.59E-01,1.49E-01,8.57E-01,-1.38E-01,4.25E-03,,-18.60,-1.27,-1.21,-17.19
9.53E+08,-1.50E-01,-6.81E-03,5.46E-01,6.67E-01,5.84E-01,6.36E-01,-4.59E-02,1.43E-01,,-16.49,-1.29,-1.27,-16.47
9.62E+08,-1.06E-01,6.73E-02,8.21E-01,2.67E-01,8.35E-01,2.22E-01,9.50E-02,1.19E-01,,-18.03,-1.28,-1.27,-16.35
9.72E+08,2.18E-03,6.60E-02,8.39E-01,-2.23E-01,8.27E-01,-2.68E-01,1.17E-01,4.67E-03,,-23.60,-1.23,-1.22,-18.62
9.82E+08,6.33E-02,-2.62E-02,5.79E-01,-6.52E-01,5.47E-01,-6.77E-01,3.38E-02,-3.26E-02,,-23.29,-1.19,-1.21,-26.56
9.92E+08,2.88E-02,-1.08E-01,1.23E-01,-8.62E-01,8.89E-02,-8.64E-01,1.74E-03,3.46E-02,,-19.00,-1.20,-1.22,-29.22
1.00E+09,-2.39E-02,-1.09E-01,-3.65E-01,-7.84E-01,-3.95E-01,-7.73E-01,7.48E-02,6.28E-02,,-19.03,-1.26,-1.23,-20.21
1.01E+09,-1.12E-02,-7.83E-02,-7.29E-01,-4.59E-01,-7.53E-01,-4.32E-01,1.19E-01,-2.67E-02,,-22.03,-1.30,-1.23,-18.27
1.02E+09,4.33E-02,-1.05E-01,-8.59E-01,1.13E-02,-8.62E-01,5.36E-02,2.15E-02,-1.12E-01,,-18.91,-1.32,-1.27,-18.89
1.03E+09,5.10E-02,-1.87E-01,-7.08E-01,4.77E-01,-6.85E-01,5.09E-01,-1.18E-01,-3.49E-02,,-14.24,-1.37,-1.38,-18.20
1.04E+09,-7.63E-03,-2.46E-01,-3.29E-01,7.75E-01,-3.02E-01,7.88E-01,-9.64E-02,1.51E-01,,-12.18,-1.49,-1.47,-14.93
1.05E+09,-6.95E-02,-2.43E-01,1.35E-01,8.17E-01,1.68E-01,8.26E-01,1.01E-01,2.18E-01,,-11.94,-1.64,-1.48,-12.37
1.06E+09,-8.66E-02,-2.23E-01,5.41E-01,6.18E-01,5.91E-01,6.04E-01,2.63E-01,6.24E-02,,-12.41,-1.71,-1.46,-11.37
1.07E+09,-8.71E-02,-2.38E-01,7.89E-01,2.38E-01,8.21E-01,1.82E-01,1.98E-01,-1.68E-01,,-11.93,-1.68,-1.50,-11.70
1.08E+09,-1.22E-01,-2.68E-01,7.99E-01,-2.27E-01,7.79E-01,-2.89E-01,-4.41E-02,-2.25E-01,,-10.63,-1.62,-1.61,-12.81
1.09E+09,-1.80E-01,-2.64E-01,5.47E-01,-6.26E-01,5.01E-01,-6.54E-01,-2.10E-01,-3.24E-02,,-9.92,-1.61,-1.69,-13.46
1.10E+09,-2.14E-01,-2.27E-01,1.21E-01,-8.16E-01,7.41E-02,-8.22E-01,-1.22E-01,2.03E-01,,-10.12,-1.68,-1.67,-12.51
1.11E+09,-2.16E-01,-2.04E-01,-3.30E-01,-7.49E-01,-3.86E-01,-7.33E-01,1.14E-01,2.43E-01,,-10.55,-1.74,-1.63,-11.43
1.12E+09,-2.29E-01,-2.11E-01,-6.77E-01,-4.61E-01,-7.18E-01,-4.01E-01,2.67E-01,6.95E-02,,-10.14,-1.73,-1.69,-11.19
1.13E+09,-2.77E-01,-2.02E-01,-8.27E-01,-2.90E-02,-8.11E-01,4.52E-02,2.09E-01,-1.43E-01,,-9.30,-1.64,-1.81,-11.93
1.14E+09,-3.17E-01,-1.44E-01,-7.19E-01,4.30E-01,-6.64E-01,4.63E-01,1.11E-02,-2.11E-01,,-9.17,-1.54,-1.84,-13.52
1.15E+09,-3.01E-01,-7.21E-02,-3.69E-01,7.58E-01,-3.23E-01,7.54E-01,-1.48E-01,-8.88E-02,,-10.17,-1.48,-1.73,-15.24
1.16E+09,-2.51E-01,-4.89E-02,1.06E-01,8.35E-01,1.42E-01,8.21E-01,-1.41E-01,1.01E-01,,-11.86,-1.50,-1.58,-15.22
1.17E+09,-2.38E-01,-7.14E-02,5.39E-01,6.40E-01,5.73E-01,6.06E-01,1.08E-02,1.98E-01,,-12.09,-1.55,-1.58,-14.05
1.18E+09,-2.77E-01,-6.13E-02,7.96E-01,2.49E-01,8.00E-01,1.97E-01,1.72E-01,1.34E-01,,-10.95,-1.58,-1.69,-13.23
1.19E+09,-2.90E-01,1.26E-02,8.07E-01,-2.18E-01,7.79E-01,-2.54E-01,2.15E-01,-3.10E-02,,-10.74,-1.56,-1.73,-13.25
1.20E+09,-2.24E-01,8.58E-02,5.65E-01,-6.24E-01,5.33E-01,-6.37E-01,1.04E-01,-1.57E-01,,-12.40,-1.49,-1.61,-14.50
1.21E+09,-1.22E-01,7.56E-02,1.35E-01,-8.37E-01,1.03E-01,-8.41E-01,-6.10E-02,-1.30E-01,,-16.85,-1.44,-1.44,-16.87
1.22E+09,-8.87E-02,-5.72E-04,-3.46E-01,-7.75E-01,-3.84E-01,-7.62E-01,-1.18E-01,2.09E-02,,-21.04,-1.43,-1.38,-18.40
1.23E+09,-1.34E-01,-2.99E-02,-7.10E-01,-4.60E-01,-7.35E-01,-4.22E-01,-1.92E-02,1.33E-01,,-17.22,-1.45,-1.43,-17.46
1.24E+09,-1.51E-01,2.54E-02,-8.45E-01,-3.01E-03,-8.42E-01,4.10E-02,1.13E-01,9.92E-02,,-16.30,-1.46,-1.48,-16.48
1.25E+09,-7.24E-02,7.29E-02,-7.15E-01,4.57E-01,-6.89E-01,4.91E-01,1.34E-01,-1.46E-02,,-19.76,-1.43,-1.45,-17.42
1.26E+09,3.26E-02,1.65E-02,-3.50E-01,7.78E-01,-3.07E-01,7.92E-01,5.13E-02,-6.22E-02,,-28.76,-1.38,-1.42,-21.87
1.27E+09,4.47E-02,-1.05E-01,1.35E-01,8.43E-01,1.77E-01,8.27E-01,3.39E-03,-6.30E-03,,-18.82,-1.37,-1.45,-42.91
1.28E+09,-3.35E-02,-1.67E-01,5.73E-01,6.28E-01,5.93E-01,5.96E-01,5.59E-02,3.26E-02,,-15.36,-1.41,-1.50,-23.78
1.29E+09,-8.88E-02,-1.35E-01,8.19E-01,2.11E-01,8.25E-01,1.77E-01,9.84E-02,-3.30E-02,,-15.85,-1.46,-1.48,-19.68
1.30E+09,-5.33E-02,-1.02E-01,7.98E-01,-2.69E-01,7.89E-01,-3.08E-01,1.74E-02,-1.06E-01,,-18.80,-1.49,-1.44,-19.39
1.31E+09,1.26E-03,-1.59E-01,5.16E-01,-6.58E-01,4.83E-01,-6.87E-01,-1.06E-01,-3.27E-02,,-15.98,-1.55,-1.52,-19.07
1.32E+09,-3.00E-02,-2.58E-01,6.96E-02,-8.22E-01,3.07E-02,-8.21E-01,-7.66E-02,1.45E-01,,-11.70,-1.67,-1.71,-15.71
1.33E+09,-1.30E-01,-2.94E-01,-3.78E-01,-7.14E-01,-4.02E-01,-7.00E-01,1.28E-01,1.98E-01,,-9.84,-1.86,-1.86,-12.55
1.33E+09,-2.04E-01,-2.50E-01,-6.88E-01,-3.98E-01,-7.10E-01,-3.85E-01,2.81E-01,1.90E-02,,-9.82,-2.00,-1.85,-11.00
1.34E+09,-2.05E-01,-1.98E-01,-7.90E-01,2.52E-02,-8.16E-01,5.89E-02,1.85E-01,-2.23E-01,,-10.92,-2.04,-1.75,-10.77
1.35E+09,-1.80E-01,-2.06E-01,-6.57E-01,4.43E-01,-6.50E-01,5.00E-01,-9.23E-02,-2.52E-01,,-11.25,-2.02,-1.73,-11.43
1.36E+09,-2.08E-01,-2.45E-01,-3.12E-01,7.28E-01,-2.65E-01,7.62E-01,-2.54E-01,-4.08E-03,,-9.85,-2.03,-1.87,-11.91
1.37E+09,-2.76E-01,-2.42E-01,1.30E-01,7.73E-01,1.78E-01,7.72E-01,-1.02E-01,2.57E-01,,-8.69,-2.12,-2.03,-11.16
1.38E+09,-3.21E-01,-1.89E-01,5.14E-01,5.79E-01,5.54E-01,5.63E-01,1.94E-01,2.43E-01,,-8.58,-2.22,-2.05,-10.13
1.39E+09,-3.17E-01,-1.34E-01,7.40E-01,2.24E-01,7.77E-01,1.83E-01,3.24E-01,-1.71E-02,,-9.28,-2.24,-1.96,-9.79
1.40E+09,-2.97E-01,-1.16E-01,7.56E-01,-2.00E-01,7.58E-01,-2.70E-01,1.66E-01,-2.51E-01,,-9.93,-2.13,-1.88,-10.42
1.41E+09,-3.03E-01,-1.13E-01,5.40E-01,-5.85E-01,4.88E-01,-6.38E-01,-1.09E-01,-2.28E-01,,-9.81,-1.98,-1.91,-11.94
1.42E+09,-3.21E-01,-8.74E-02,1.34E-01,-7.93E-01,6.95E-02,-7.96E-01,-2.14E-01,1.40E-02,,-9.56,-1.89,-1.95,-13.36
1.43E+09,-3.17E-01,-4.51E-02,-3.20E-01,-7.38E-01,-3.67E-01,-7.12E-01,-6.22E-02,2.05E-01,,-9.88,-1.89,-1.92,-13.37
1.44E+09,-2.91E-01,-1.78E-02,-6.66E-01,-4.49E-01,-6.98E-01,-4.07E-01,1.56E-01,1.68E-01,,-10.69,-1.90,-1.85,-12.79
1.45E+09,-2.72E-01,-1.00E-02,-8.07E-01,-2.36E-02,-8.12E-01,3.81E-02,2.25E-01,-1.50E-02,,-11.30,-1.86,-1.80,-12.94
1.46E+09,-2.65E-01,5.15E-03,-7.01E-01,4.20E-01,-6.62E-01,4.72E-01,1.17E-01,-1.51E-01,,-11.54,-1.75,-1.80,-14.38
1.47E+09,-2.41E-01,3.38E-02,-3.63E-01,7.43E-01,-3.06E-01,7.57E-01,-3.34E-02,-1.30E-01,,-12.28,-1.65,-1.76,-17.47
1.48E+09,-1.90E-01,4.31E-02,1.07E-01,8.25E-01,1.54E-01,8.10E-01,-7.98E-02,-7.62E-03,,-14.21,-1.60,-1.68,-21.92
1.49E+09,-1.48E-01,1.13E-02,5.42E-01,6.32E-01,5.77E-01,5.97E-01,-6.66E-03,7.40E-02,,-16.55,-1.60,-1.61,-22.57
1.50E+09,-1.50E-01,-2.64E-02,7.97E-01,2.34E-01,8.10E-01,1.82E-01,8.20E-02,4.83E-02,,-16.33,-1.61,-1.62,-20.43
1.51E+09,-1.69E-01,-2.49E-02,7.97E-01,-2.36E-01,7.76E-01,-2.86E-01,9.28E-02,-2.96E-02,,-15.37,-1.60,-1.65,-20.23
1.52E+09,-1.49E-01,-7.87E-04,5.41E-01,-6.35E-01,4.99E-01,-6.62E-01,3.17E-02,-6.23E-02,,-16.51,-1.58,-1.63,-23.11
1.53E+09,-9.50E-02,-1.40E-02,1.05E-01,-8.28E-01,5.61E-02,-8.31E-01,-1.27E-02,-1.57E-02,,-20.35,-1.57,-1.59,-33.89
1.54E+09,-7.00E-02,-8.10E-02,-3.65E-01,-7.48E-01,-4.11E-01,-7.23E-01,2.50E-02,3.95E-02,,-19.40,-1.59,-1.60,-26.60
1.55E+09,-1.10E-01,-1.40E-01,-7.11E-01,-4.26E-01,-7.32E-01,-3.78E-01,9.80E-02,1.25E-02,,-15.00,-1.63,-1.69,-20.10
1.56E+09,-1.68E-01,-1.37E-01,-8.25E-01,2.87E-02,-8.14E-01,7.43E-02,9.59E-02,-8.22E-02,,-13.29,-1.66,-1.75,-17.97
1.57E+09,-1.74E-01,-1.02E-01,-6.76E-01,4.73E-01,-6.48E-01,5.03E-01,-1.16E-02,-1.23E-01,,-13.91,-1.67,-1.72,-18.17
1.58E+09,-1.37E-01,-1.03E-01,-3.05E-01,7.64E-01,-2.67E-01,7.79E-01,-1.07E-01,-2.46E-02,,-15.31,-1.70,-1.68,-19.17
1.59E+09,-1.29E-01,-1.59E-01,1.61E-01,8.00E-01,2.06E-01,7.91E-01,-4.85E-02,1.24E-01,,-13.76,-1.77,-1.75,-17.53
1.60E+09,-1.84E-01,-2.04E-01,5.63E-01,5.76E-01,5.91E-01,5.42E-01,1.32E-01,1.35E-01,,-11.23,-1.88,-1.91,-14.48
1.61E+09,-2.52E-01,-1.86E-01,7.75E-01,1.81E-01,7.79E-01,1.44E-01,2.33E-01,-3.80E-02,,-10.08,-1.98,-2.02,-12.55
1.62E+09,-2.74E-01,-1.33E-01,7.47E-01,-2.60E-01,7.40E-01,-2.90E-01,1.17E-01,-2.21E-01,,-10.32,-2.03,-1.99,-12.02
1.63E+09,-2.50E-01,-1.05E-01,4.90E-01,-6.21E-01,4.71E-01,-6.51E-01,-1.16E-01,-2.04E-01,,-11.33,-2.04,-1.90,-12.61
1.64E+09,-2.35E-01,-1.24E-01,7.57E-02,-7.87E-01,3.49E-02,-8.04E-01,-2.11E-01,2.30E-02,,-11.51,-2.04,-1.89,-13.48
1.65E+09,-2.65E-01,-1.45E-01,-3.61E-01,-6.98E-01,-4.04E-01,-6.85E-01,-4.55E-02,2.14E-01,,-10.39,-2.09,-1.99,-13.19
1.66E+09,-3.10E-01,-1.25E-01,-6.73E-01,-3.91E-01,-6.99E-01,-3.59E-01,2.01E-01,1.53E-01,,-9.52,-2.18,-2.10,-11.93
1.67E+09,-3.23E-01,-7.68E-02,-7.73E-01,2.73E-02,-7.83E-01,6.51E-02,2.60E-01,-9.07E-02,,-9.57,-2.23,-2.10,-11.20
1.68E+09,-3.00E-01,-4.16E-02,-6.42E-01,4.35E-01,-6.32E-01,4.78E-01,7.35E-02,-2.54E-01,,-10.37,-2.21,-2.02,-11.54
1.69E+09,-2.73E-01,-3.99E-02,-3.11E-01,7.18E-01,-2.73E-01,7.51E-01,-1.54E-01,-1.66E-01,,-11.18,-2.13,-1.95,-12.91
1.70E+09,-2.70E-01,-5.15E-02,1.29E-01,7.77E-01,1.82E-01,7.79E-01,-1.74E-01,6.96E-02,,-11.22,-2.07,-1.94,-14.55
1.71E+09,-2.82E-01,-4.79E-02,5.31E-01,5.81E-01,5.73E-01,5.54E-01,2.13E-02,1.84E-01,,-10.88,-2.08,-1.98,-14.65
1.72E+09,-2.84E-01,-2.83E-02,7.58E-01,2.02E-01,7.80E-01,1.58E-01,1.95E-01,6.40E-02,,-10.88,-2.11,-1.99,-13.75
1.73E+09,-2.70E-01,-1.07E-02,7.48E-01,-2.37E-01,7.44E-01,-2.88E-01,1.62E-01,-1.31E-01,,-11.37,-2.10,-1.96,-13.63
1.74E+09,-2.48E-01,-7.07E-03,5.07E-01,-6.06E-01,4.71E-01,-6.48E-01,-1.79E-02,-1.80E-01,,-12.10,-2.04,-1.92,-14.87
1.75E+09,-2.31E-01,-1.67E-02,9.60E-02,-7.91E-01,4.23E-02,-8.03E-01,-1.28E-01,-4.02E-02,,-12.70,-1.98,-1.89,-17.43
1.76E+09,-2.26E-01,-3.24E-02,-3.53E-01,-7.15E-01,-4.03E-01,-6.96E-01,-4.46E-02,1.09E-01,,-12.83,-1.97,-1.89,-18.58
1.77E+09,-2.33E-01,-4.44E-02,-6.82E-01,-4.04E-01,-7.15E-01,-3.64E-01,1.18E-01,8.75E-02,,-12.49,-2.01,-1.92,-16.64
1.78E+09,-2.45E-01,-4.34E-02,-7.89E-01,2.78E-02,-7.95E-01,8.11E-02,1.60E-01,-6.89E-02,,-12.07,-2.05,-1.95,-15.18
1.79E+09,-2.47E-01,-3.08E-02,-6.51E-01,4.49E-01,-6.25E-01,4.97E-01,3.25E-02,-1.69E-01,,-12.07,-2.04,-1.96,-15.30
1.80E+09,-2.32E-01,-2.41E-02,-3.05E-01,7.34E-01,-2.56E-01,7.58E-01,-1.13E-01,-8.88E-02,,-12.64,-1.99,-1.93,-16.84
1.81E+09,-2.16E-01,-3.93E-02,1.47E-01,7.82E-01,1.99E-01,7.77E-01,-9.69E-02,8.23E-02,,-13.16,-1.99,-1.92,-17.92
1.82E+09,-2.24E-01,-6.59E-02,5.47E-01,5.70E-01,5.89E-01,5.39E-01,7.22E-02,1.36E-01,,-12.64,-2.05,-1.96,-16.27
1.82E+09,-2.53E-01,-7.35E-02,7.62E-01,1.83E-01,7.80E-01,1.32E-01,1.95E-01,-2.08E-03,,-11.58,-2.12,-2.04,-14.22
1.83E+09,-2.74E-01,-5.25E-02,7.40E-01,-2.53E-01,7.26E-01,-3.05E-01,1.20E-01,-1.79E-01,,-11.08,-2.14,-2.08,-13.35
1.84E+09,-2.66E-01,-2.80E-02,4.88E-01,-6.13E-01,4.50E-01,-6.49E-01,-8.27E-02,-1.89E-01,,-11.45,-2.11,-2.05,-13.70
1.85E+09,-2.45E-01,-2.94E-02,7.62E-02,-7.83E-01,2.55E-02,-7.93E-01,-1.87E-01,-4.24E-03,,-12.16,-2.09,-2.01,-14.57
1.86E+09,-2.45E-01,-5.13E-02,-3.62E-01,-6.95E-01,-4.12E-01,-6.76E-01,-6.08E-02,1.75E-01,,-12.04,-2.12,-2.02,-14.65
1.87E+09,-2.71E-01,-5.76E-02,-6.75E-01,-3.86E-01,-7.07E-01,-3.42E-01,1.59E-01,1.40E-01,,-11.14,-2.19,-2.10,-13.50
1.88E+09,-2.92E-01,-3.27E-02,-7.73E-01,3.53E-02,-7.75E-01,8.85E-02,2.25E-01,-7.24E-02,,-10.65,-2.22,-2.16,-12.52
1.89E+09,-2.80E-01,-9.86E-04,-6.37E-01,4.45E-01,-6.10E-01,4.90E-01,6.60E-02,-2.28E-01,,-11.05,-2.20,-2.13,-12.50
1.90E+09,-2.49E-01,5.00E-03,-2.98E-01,7.23E-01,-2.51E-01,7.49E-01,-1.43E-01,-1.57E-01,,-12.07,-2.14,-2.05,-13.46
1.91E+09,-2.33E-01,-1.55E-02,1.45E-01,7.72E-01,2.01E-01,7.67E-01,-1.68E-01,5.78E-02,,-12.64,-2.10,-2.01,-15.01
1.92E+09,-2.43E-01,-3.11E-02,5.42E-01,5.67E-01,5.85E-01,5.31E-01,1.07E-02,1.67E-01,,-12.21,-2.10,-2.04,-15.54
1.93E+09,-2.56E-01,-2.34E-02,7.61E-01,1.83E-01,7.76E-01,1.30E-01,1.74E-01,5.44E-02,,-11.79,-2.13,-2.08,-14.78
1.94E+09,-2.49E-01,-7.44E-03,7.39E-01,-2.56E-01,7.24E-01,-3.08E-01,1.40E-01,-1.31E-01,,-12.06,-2.13,-2.08,-14.33
1.95E+09,-2.29E-01,-6.45E-03,4.85E-01,-6.17E-01,4.44E-01,-6.55E-01,-3.20E-02,-1.74E-01,,-12.82,-2.10,-2.04,-15.02
1.96E+09,-2.15E-01,-2.30E-02,7.05E-02,-7.85E-01,1.47E-02,-7.93E-01,-1.32E-01,-4.09E-02,,-13.31,-2.07,-2.02,-17.21
1.97E+09,-2.15E-01,-4.21E-02,-3.71E-01,-6.97E-01,-4.20E-01,-6.71E-01,-4.83E-02,9.26E-02,,-13.17,-2.06,-2.03,-19.63
1.98E+09,-2.23E-01,-5.54E-02,-6.89E-01,-3.80E-01,-7.16E-01,-3.33E-01,9.79E-02,5.99E-02,,-12.78,-2.08,-2.05,-18.80
1.99E+09,-2.32E-01,-6.55E-02,-7.81E-01,5.60E-02,-7.79E-01,1.10E-01,1.17E-01,-8.70E-02,,-12.34,-2.13,-2.08,-16.75
2.00E+09,-2.46E-01,-7.21E-02,-6.24E-01,4.69E-01,-5.91E-01,5.13E-01,-1.46E-02,-1.58E-01,,-11.83,-2.15,-2.13,-16.00
2.01E+09,-2.58E-01,-7.23E-02,-2.69E-01,7.32E-01,-2.18E-01,7.48E-01,-1.34E-01,-5.86E-02,,-11.45,-2.16,-2.16,-16.72
2.02E+09,-2.66E-01,-7.07E-02,1.74E-01,7.59E-01,2.22E-01,7.45E-01,-8.70E-02,9.74E-02,,-11.22,-2.18,-2.19,-17.68
2.03E+09,-2.72E-01,-7.81E-02,5.57E-01,5.37E-01,5.90E-01,5.02E-01,8.49E-02,1.18E-01,,-10.97,-2.23,-2.22,-16.77
2.04E+09,-2.93E-01,-9.15E-02,7.52E-01,1.47E-01,7.62E-01,9.81E-02,1.84E-01,-3.89E-02,,-10.27,-2.31,-2.29,-14.53
2.05E+09,-3.31E-01,-8.81E-02,7.06E-01,-2.79E-01,6.85E-01,-3.24E-01,8.37E-02,-2.08E-01,,-9.31,-2.40,-2.40,-13.00
2.06E+09,-3.61E-01,-5.77E-02,4.43E-01,-6.11E-01,4.04E-01,-6.34E-01,-1.26E-01,-1.99E-01,,-8.74,-2.44,-2.48,-12.56
2.07E+09,-3.62E-01,-2.08E-02,4.44E-02,-7.53E-01,4.42E-03,-7.52E-01,-2.27E-01,-8.23E-05,,-8.81,-2.45,-2.47,-12.86
2.08E+09,-3.46E-01,-6.88E-03,-3.70E-01,-6.56E-01,-4.05E-01,-6.39E-01,-9.31E-02,1.95E-01,,-9.21,-2.47,-2.42,-13.31
2.09E+09,-3.48E-01,-1.42E-02,-6.62E-01,-3.47E-01,-6.86E-01,-3.13E-01,1.55E-01,1.69E-01,,-9.15,-2.53,-2.45,-12.78
2.10E+09,-3.77E-01,-5.67E-03,-7.36E-01,6.29E-02,-7.36E-01,1.06E-01,2.56E-01,-6.76E-02,,-8.47,-2.63,-2.57,-11.55
2.11E+09,-3.97E-01,3.83E-02,-5.85E-01,4.42E-01,-5.63E-01,4.74E-01,9.36E-02,-2.76E-01,,-7.99,-2.70,-2.66,-10.71
2.12E+09,-3.76E-01,9.06E-02,-2.63E-01,6.85E-01,-2.32E-01,7.03E-01,-1.74E-01,-2.39E-01,,-8.26,-2.69,-2.61,-10.58
2.13E+09,-3.27E-01,1.10E-01,1.44E-01,7.25E-01,1.83E-01,7.31E-01,-2.73E-01,1.76E-02,,-9.25,-2.62,-2.46,-11.26
2.14E+09,-2.96E-01,9.03E-02,5.16E-01,5.35E-01,5.61E-01,5.16E-01,-8.84E-02,2.28E-01,,-10.18,-2.57,-2.35,-12.23
2.15E+09,-3.06E-01,7.69E-02,7.24E-01,1.69E-01,7.50E-01,1.23E-01,1.80E-01,1.60E-01,,-10.03,-2.57,-2.39,-12.35
2.16E+09,-3.16E-01,1.02E-01,7.00E-01,-2.47E-01,6.92E-01,-2.96E-01,2.37E-01,-1.04E-01,,-9.57,-2.59,-2.46,-11.74
2.17E+09,-2.87E-01,1.40E-01,4.61E-01,-5.84E-01,4.31E-01,-6.20E-01,3.28E-02,-2.69E-01,,-9.92,-2.57,-2.44,-11.34
2.18E+09,-2.28E-01,1.43E-01,7.77E-02,-7.47E-01,3.13E-02,-7.67E-01,-1.94E-01,-1.64E-01,,-11.39,-2.48,-2.30,-11.92
2.19E+09,-1.90E-01,1.03E-01,-3.44E-01,-6.78E-01,-4.01E-01,-6.68E-01,-1.94E-01,7.47E-02,,-13.29,-2.38,-2.17,-13.64
2.20E+09,-1.95E-01,6.57E-02,-6.65E-01,-3.82E-01,-7.04E-01,-3.36E-01,7.71E-03,1.63E-01,,-13.73,-2.31,-2.15,-15.73
2.21E+09,-2.07E-01,6.32E-02,-7.67E-01,4.48E-02,-7.71E-01,1.02E-01,1.49E-01,2.14E-02,,-13.30,-2.28,-2.18,-16.45
2.22E+09,-1.88E-01,7.00E-02,-6.19E-01,4.57E-01,-5.94E-01,5.05E-01,7.14E-02,-1.40E-01,,-13.96,-2.27,-2.17,-16.05
2.23E+09,-1.52E-01,4.41E-02,-2.70E-01,7.23E-01,-2.22E-01,7.52E-01,-8.81E-02,-1.15E-01,,-15.99,-2.25,-2.11,-16.78
2.24E+09,-1.46E-01,-1.18E-02,1.72E-01,7.54E-01,2.30E-01,7.51E-01,-1.02E-01,3.53E-02,,-16.71,-2.24,-2.10,-19.32
2.25E+09,-1.77E-01,-5.45E-02,5.57E-01,5.32E-01,6.02E-01,4.97E-01,3.89E-02,8.05E-02,,-14.64,-2.27,-2.15,-20.97
2.26E+09,-2.12E-01,-6.50E-02,7.51E-01,1.38E-01,7.70E-01,8.71E-02,1.20E-01,-5.33E-02,,-13.08,-2.34,-2.22,-17.65
2.27E+09,-2.28E-01,-6.82E-02,6.98E-01,-2.90E-01,6.90E-01,-3.45E-01,4.90E-03,-1.78E-01,,-12.48,-2.43,-2.26,-14.99
2.28E+09,-2.41E-01,-8.69E-02,4.26E-01,-6.17E-01,3.85E-01,-6.63E-01,-1.69E-01,-1.06E-01,,-11.83,-2.50,-2.31,-13.99
2.29E+09,-2.75E-01,-1.08E-01,2.42E-02,-7.44E-01,-3.98E-02,-7.56E-01,-1.72E-01,9.91E-02,,-10.58,-2.56,-2.42,-14.03
2.30E+09,-3.21E-01,-1.06E-01,-3.81E-01,-6.34E-01,-4.36E-01,-6.05E-01,2.98E-02,1.94E-01,,-9.43,-2.61,-2.54,-14.12
2.31E+09,-3.53E-01,-8.70E-02,-6.59E-01,-3.23E-01,-6.87E-01,-2.73E-01,2.16E-01,4.56E-02,,-8.79,-2.69,-2.63,-13.12
2.31E+09,-3.72E-01,-7.19E-02,-7.21E-01,8.12E-02,-7.21E-01,1.40E-01,1.66E-01,-1.98E-01,,-8.44,-2.79,-2.69,-11.76
2.32E+09,-3.96E-01,-6.29E-02,-5.60E-01,4.50E-01,-5.24E-01,5.02E-01,-8.06E-02,-2.76E-01,,-7.93,-2.87,-2.78,-10.84
2.33E+09,-4.30E-01,-4.02E-02,-2.33E-01,6.76E-01,-1.71E-01,6.93E-01,-2.77E-01,-1.00E-01,,-7.29,-2.91,-2.92,-10.61
2.34E+09,-4.52E-01,3.88E-03,1.65E-01,6.97E-01,2.18E-01,6.72E-01,-2.27E-01,1.65E-01,,-6.90,-2.90,-3.02,-11.04
2.35E+09,-4.47E-01,4.86E-02,5.16E-01,5.00E-01,5.40E-01,4.57E-01,3.11E-02,2.63E-01,,-6.95,-2.87,-3.00,-11.55
2.36E+09,-4.31E-01,7.21E-02,7.04E-01,1.41E-01,7.06E-01,9.64E-02,2.49E-01,8.96E-02,,-7.20,-2.88,-2.95,-11.55
2.37E+09,-4.31E-01,8.37E-02,6.65E-01,-2.60E-01,6.43E-01,-3.01E-01,2.11E-01,-1.89E-01,,-7.16,-2.92,-2.97,-10.95
2.38E+09,-4.44E-01,1.13E-01,4.19E-01,-5.72E-01,3.77E-01,-5.91E-01,-4.47E-02,-3.05E-01,,-6.78,-2.99,-3.08,-10.23
2.39E+09,-4.38E-01,1.66E-01,5.02E-02,-7.05E-01,1.24E-02,-6.96E-01,-2.79E-01,-1.50E-01,,-6.60,-3.01,-3.15,-9.97
2.40E+09,-3.97E-01,2.11E-01,-3.34E-01,-6.26E-01,-3.56E-01,-6.07E-01,-2.76E-01,1.33E-01,,-6.93,-2.98,-3.06,-10.28
2.41E+09,-3.44E-01,2.23E-01,-6.22E-01,-3.54E-01,-6.38E-01,-3.31E-01,-3.36E-02,2.80E-01,,-7.75,-2.91,-2.87,-10.99
2.42E+09,-3.13E-01,2.09E-01,-7.20E-01,3.77E-02,-7.26E-01,7.31E-02,2.13E-01,1.45E-01,,-8.48,-2.84,-2.73,-11.76
2.43E+09,-3.06E-01,2.10E-01,-5.87E-01,4.23E-01,-5.69E-01,4.59E-01,2.18E-01,-1.32E-01,,-8.61,-2.81,-2.72,-11.88
2.44E+09,-2.85E-01,2.33E-01,-2.66E-01,6.74E-01,-2.34E-01,6.92E-01,-1.36E-02,-2.64E-01,,-8.68,-2.79,-2.73,-11.55
2.45E+09,-2.31E-01,2.46E-01,1.38E-01,7.15E-01,1.72E-01,7.18E-01,-2.30E-01,-1.29E-01,,-9.43,-2.75,-2.64,-11.58
2.46E+09,-1.72E-01,2.19E-01,5.06E-01,5.35E-01,5.44E-01,5.21E-01,-2.14E-01,1.10E-01,,-11.11,-2.66,-2.46,-12.37
2.47E+09,-1.45E-01,1.67E-01,7.25E-01,1.77E-01,7.53E-01,1.36E-01,-1.05E-02,1.92E-01,,-13.11,-2.54,-2.33,-14.30
2.48E+09,-1.49E-01,1.32E-01,7.12E-01,-2.53E-01,7.06E-01,-3.05E-01,1.31E-01,5.45E-02,,-14.03,-2.44,-2.28,-16.98
2.49E+09,-1.43E-01,1.19E-01,4.56E-01,-6.07E-01,4.24E-01,-6.43E-01,6.14E-02,-1.02E-01,,-14.61,-2.39,-2.27,-18.47
2.50E+09,-1.17E-01,9.25E-02,4.58E-02,-7.60E-01,1.02E-03,-7.73E-01,-8.49E-02,-8.28E-02,,-16.51,-2.37,-2.23,-18.52
2.51E+09,-1.06E-01,3.60E-02,-3.81E-01,-6.60E-01,-4.28E-01,-6.48E-01,-9.42E-02,4.50E-02,,-19.05,-2.36,-2.20,-19.62
2.52E+09,-1.33E-01,-2.14E-02,-6.82E-01,-3.39E-01,-7.13E-01,-3.01E-01,2.60E-02,6.76E-02,,-17.41,-2.37,-2.23,-22.80
2.53E+09,-1.79E-01,-4.73E-02,-7.50E-01,9.56E-02,-7.55E-01,1.40E-01,6.59E-02,-5.95E-02,,-14.66,-2.43,-2.30,-21.03
2.54E+09,-2.10E-01,-5.26E-02,-5.64E-01,4.87E-01,-5.51E-01,5.27E-01,-7.19E-02,-1.36E-01,,-13.31,-2.55,-2.36,-16.26
2.55E+09,-2.29E-01,-6.65E-02,-2.04E-01,7.04E-01,-1.69E-01,7.38E-01,-2.08E-01,-8.86E-03,,-12.43,-2.70,-2.41,-13.64
2.56E+09,-2.66E-01,-8.79E-02,2.06E-01,6.92E-01,2.62E-01,7.00E-01,-1.29E-01,1.91E-01,,-11.05,-2.83,-2.53,-12.76
2.57E+09,-3.21E-01,-8.87E-02,5.41E-01,4.65E-01,5.89E-01,4.36E-01,1.13E-01,2.03E-01,,-9.55,-2.93,-2.70,-12.66
2.58E+09,-3.67E-01,-6.09E-02,6.98E-01,9.57E-02,7.19E-01,5.05E-02,2.40E-01,-3.15E-02,,-8.59,-3.05,-2.84,-12.32
2.59E+09,-3.89E-01,-2.76E-02,6.29E-01,-2.91E-01,6.29E-01,-3.40E-01,7.43E-02,-2.67E-01,,-8.18,-3.19,-2.91,-11.14
2.60E+09,-4.03E-01,-7.24E-03,3.72E-01,-5.70E-01,3.42E-01,-6.22E-01,-2.23E-01,-2.30E-01,,-7.89,-3.34,-2.98,-9.88
2.61E+09,-4.29E-01,1.21E-02,1.68E-02,-6.73E-01,-4.82E-02,-6.97E-01,-3.38E-01,5.37E-02,,-7.35,-3.43,-3.11,-9.31
2.62E+09,-4.57E-01,5.13E-02,-3.39E-01,-5.81E-01,-4.04E-01,-5.54E-01,-1.48E-01,3.02E-01,,-6.74,-3.45,-3.27,-9.47
2.63E+09,-4.64E-01,1.04E-01,-5.99E-01,-3.13E-01,-6.29E-01,-2.58E-01,1.66E-01,2.62E-01,,-6.45,-3.41,-3.35,-10.18
2.64E+09,-4.48E-01,1.46E-01,-6.76E-01,5.77E-02,-6.73E-01,1.12E-01,2.89E-01,-3.53E-02,,-6.54,-3.37,-3.32,-10.71
2.65E+09,-4.31E-01,1.66E-01,-5.39E-01,4.11E-01,-5.10E-01,4.59E-01,9.44E-02,-2.89E-01,,-6.72,-3.38,-3.27,-10.33
2.66E+09,-4.32E-01,1.84E-01,-2.37E-01,6.33E-01,-1.80E-01,6.59E-01,-2.15E-01,-2.50E-01,,-6.57,-3.41,-3.31,-9.62
2.67E+09,-4.33E-01,2.23E-01,1.33E-01,6.62E-01,1.95E-01,6.45E-01,-3.42E-01,2.50E-02,,-6.24,-3.41,-3.43,-9.30
2.68E+09,-4.08E-01,2.74E-01,4.67E-01,4.96E-01,4.99E-01,4.49E-01,-1.84E-01,2.72E-01,,-6.18,-3.33,-3.46,-9.67
2.69E+09,-3.55E-01,3.04E-01,6.70E-01,1.72E-01,6.70E-01,1.25E-01,1.02E-01,2.71E-01,,-6.61,-3.21,-3.33,-10.77
2.70E+09,-3.02E-01,3.01E-01,6.67E-01,-2.20E-01,6.48E-01,-2.58E-01,2.48E-01,3.34E-02,,-7.40,-3.07,-3.13,-12.04
2.71E+09,-2.76E-01,2.86E-01,4.45E-01,-5.52E-01,4.08E-01,-5.78E-01,1.25E-01,-2.01E-01,,-8.01,-2.98,-3.00,-12.51
2.72E+09,-2.61E-01,2.90E-01,7.52E-02,-7.09E-01,2.79E-02,-7.09E-01,-1.22E-01,-2.13E-01,,-8.18,-2.93,-2.97,-12.20
2.73E+09,-2.24E-01,3.03E-01,-3.22E-01,-6.42E-01,-3.58E-01,-6.17E-01,-2.46E-01,-2.21E-02,,-8.48,-2.88,-2.94,-12.14
2.74E+09,-1.66E-01,2.91E-01,-6.25E-01,-3.69E-01,-6.42E-01,-3.35E-01,-1.50E-01,1.61E-01,,-9.49,-2.78,-2.80,-13.14
2.75E+09,-1.22E-01,2.42E-01,-7.36E-01,3.15E-02,-7.37E-01,7.03E-02,3.54E-02,1.62E-01,,-11.33,-2.66,-2.62,-15.62
2.76E+09,-1.18E-01,1.87E-01,-6.05E-01,4.36E-01,-5.82E-01,4.73E-01,1.06E-01,1.47E-02,,-13.11,-2.55,-2.50,-19.40
2.77E+09,-1.32E-01,1.59E-01,-2.65E-01,7.02E-01,-2.24E-01,7.19E-01,1.26E-02,-8.85E-02,,-13.70,-2.50,-2.46,-20.97
2.78E+09,-1.28E-01,1.46E-01,1.68E-01,7.33E-01,2.08E-01,7.26E-01,-9.38E-02,-4.15E-02,,-14.23,-2.48,-2.44,-19.78
2.79E+09,-1.11E-01,1.13E-01,5.45E-01,5.20E-01,5.75E-01,4.95E-01,-7.46E-02,5.43E-02,,-16.00,-2.46,-2.40,-20.70
2.80E+09,-1.16E-01,5.74E-02,7.43E-01,1.33E-01,7.54E-01,9.40E-02,1.46E-02,4.64E-02,,-17.75,-2.44,-2.38,-26.26
2.80E+09,-1.56E-01,1.22E-02,6.90E-01,-3.02E-01,6.77E-01,-3.38E-01,1.34E-02,-5.07E-02,,-16.12,-2.46,-2.42,-25.61
2.81E+09,-2.03E-01,-1.76E-03,4.02E-01,-6.28E-01,3.77E-01,-6.49E-01,-1.04E-01,-6.94E-02,,-13.86,-2.55,-2.49,-18.08
2.82E+09,-2.34E-01,-1.51E-03,-9.72E-03,-7.35E-01,-3.96E-02,-7.45E-01,-1.68E-01,6.22E-02,,-12.63,-2.67,-2.55,-14.95
2.83E+09,-2.58E-01,-8.66E-03,-4.03E-01,-6.04E-01,-4.39E-01,-5.97E-01,-4.93E-02,1.92E-01,,-11.78,-2.78,-2.61,-14.06
2.84E+09,-2.94E-01,-1.63E-02,-6.61E-01,-2.85E-01,-6.86E-01,-2.55E-01,1.45E-01,1.29E-01,,-10.61,-2.85,-2.71,-14.24
2.85E+09,-3.37E-01,-5.54E-03,-7.03E-01,1.21E-01,-7.03E-01,1.57E-01,1.74E-01,-1.01E-01,,-9.46,-2.94,-2.85,-13.93
2.86E+09,-3.67E-01,2.00E-02,-5.13E-01,4.78E-01,-5.01E-01,5.05E-01,-3.95E-02,-2.39E-01,,-8.70,-3.08,-2.96,-12.32
2.87E+09,-3.88E-01,4.35E-02,-1.70E-01,6.64E-01,-1.47E-01,6.89E-01,-2.74E-01,-1.02E-01,,-8.18,-3.28,-3.04,-10.68
2.88E+09,-4.07E-01,6.48E-02,2.03E-01,6.42E-01,2.47E-01,6.52E-01,-2.66E-01,1.82E-01,,-7.70,-3.44,-3.14,-9.85
2.89E+09,-4.30E-01,9.44E-02,5.04E-01,4.38E-01,5.50E-01,4.10E-01,-8.31E-03,3.21E-01,,-7.12,-3.51,-3.28,-9.86
2.90E+09,-4.42E-01,1.38E-01,6.61E-01,1.06E-01,6.74E-01,5.57E-02,2.50E-01,1.65E-01,,-6.69,-3.49,-3.40,-10.47
2.91E+09,-4.29E-01,1.81E-01,6.16E-01,-2.67E-01,6.01E-01,-3.07E-01,2.40E-01,-1.45E-01,,-6.63,-3.46,-3.42,-11.03
2.92E+09,-4.07E-01,2.04E-01,3.73E-01,-5.56E-01,3.46E-01,-5.83E-01,-3.79E-02,-2.86E-01,,-6.84,-3.49,-3.37,-10.79
2.93E+09,-3.97E-01,2.15E-01,1.91E-02,-6.62E-01,-2.49E-02,-6.79E-01,-2.92E-01,-1.16E-01,,-6.91,-3.58,-3.36,-10.06
2.94E+09,-3.98E-01,2.39E-01,-3.29E-01,-5.71E-01,-3.83E-01,-5.52E-01,-2.75E-01,1.80E-01,,-6.66,-3.62,-3.45,-9.66
2.95E+09,-3.84E-01,2.81E-01,-5.84E-01,-3.17E-01,-6.11E-01,-2.64E-01,-2.25E-02,3.16E-01,,-6.45,-3.55,-3.54,-9.98
2.96E+09,-3.41E-01,3.14E-01,-6.75E-01,4.27E-02,-6.62E-01,9.29E-02,2.17E-01,1.73E-01,,-6.68,-3.40,-3.50,-11.12
2.97E+09,-2.87E-01,3.16E-01,-5.52E-01,4.08E-01,-5.23E-01,4.38E-01,2.10E-01,-9.80E-02,,-7.40,-3.27,-3.33,-12.68
2.98E+09,-2.57E-01,2.93E-01,-2.42E-01,6.47E-01,-2.04E-01,6.64E-01,-2.03E-02,-2.16E-01,,-8.18,-3.21,-3.17,-13.28
2.99E+09,-2.55E-01,2.84E-01,1.46E-01,6.76E-01,1.95E-01,6.69E-01,-2.20E-01,-7.79E-02,,-8.36,-3.21,-3.14,-12.64
3.00E+09,-2.46E-01,3.02E-01,4.85E-01,4.97E-01,5.23E-01,4.57E-01,-1.98E-01,1.43E-01,,-8.18,-3.17,-3.16,-12.23
3.01E+09,-2.01E-01,3.16E-01,6.84E-01,1.61E-01,6.89E-01,1.11E-01,-9.89E-03,2.24E-01,,-8.53,-3.06,-3.13,-13.00
3.02E+09,-1.45E-01,2.91E-01,6.72E-01,-2.41E-01,6.53E-01,-2.80E-01,1.33E-01,1.03E-01,,-9.77,-2.93,-2.97,-15.47
3.03E+09,-1.23E-01,2.35E-01,4.34E-01,-5.77E-01,4.00E-01,-6.03E-01,8.72E-02,-6.19E-02,,-11.54,-2.83,-2.81,-19.42
3.04E+09,-1.42E-01,1.96E-01,4.55E-02,-7.23E-01,-1.24E-03,-7.29E-01,-6.63E-02,-7.98E-02,,-12.31,-2.79,-2.75,-19.68
3.05E+09,-1.58E-01,1.97E-01,-3.57E-01,-6.31E-01,-4.00E-01,-6.07E-01,-1.31E-01,4.17E-02,,-11.95,-2.79,-2.77,-17.24
3.06E+09,-1.40E-01,2.00E-01,-6.46E-01,-3.36E-01,-6.67E-01,-2.94E-01,-4.66E-02,1.30E-01,,-12.24,-2.76,-2.75,-17.20
3.07E+09,-1.11E-01,1.67E-01,-7.29E-01,7.31E-02,-7.25E-01,1.19E-01,5.18E-02,7.44E-02,,-13.95,-2.70,-2.68,-20.85
3.08E+09,-1.19E-01,1.07E-01,-5.69E-01,4.65E-01,-5.41E-01,5.03E-01,1.61E-02,-3.51E-02,,-15.93,-2.68,-2.63,-28.26
3.09E+09,-1.70E-01,6.98E-02,-2.16E-01,6.98E-01,-1.70E-01,7.14E-01,-1.11E-01,-2.43E-02,,-14.70,-2.73,-2.69,-18.90
3.10E+09,-2.21E-01,7.91E-02,1.99E-01,6.94E-01,2.45E-01,6.83E-01,-1.42E-01,1.16E-01,,-12.58,-2.83,-2.78,-14.71
3.11E+09,-2.39E-01,1.04E-01,5.39E-01,4.72E-01,5.73E-01,4.40E-01,-7.18E-03,2.06E-01,,-11.68,-2.89,-2.83,-13.70
3.12E+09,-2.36E-01,1.09E-01,7.08E-01,1.05E-01,7.21E-01,5.79E-02,1.46E-01,1.08E-01,,-11.69,-2.90,-2.82,-14.83
3.13E+09,-2.47E-01,9.39E-02,6.50E-01,-3.00E-01,6.33E-01,-3.47E-01,1.15E-01,-9.35E-02,,-11.56,-2.91,-2.83,-16.59
3.14E+09,-2.81E-01,8.61E-02,3.74E-01,-6.02E-01,3.34E-01,-6.31E-01,-9.79E-02,-1.54E-01,,-10.63,-2.99,-2.92,-14.78
3.15E+09,-3.18E-01,1.04E-01,-1.33E-02,-6.96E-01,-6.10E-02,-7.01E-01,-2.51E-01,2.12E-02,,-9.50,-3.14,-3.05,-11.99
3.16E+09,-3.38E-01,1.36E-01,-3.77E-01,-5.72E-01,-4.22E-01,-5.53E-01,-1.60E-01,2.42E-01,,-8.77,-3.28,-3.15,-10.74
3.17E+09,-3.40E-01,1.65E-01,-6.20E-01,-2.86E-01,-6.49E-01,-2.40E-01,8.38E-02,2.68E-01,,-8.46,-3.32,-3.19,-11.04
3.18E+09,-3.34E-01,1.83E-01,-6.81E-01,8.98E-02,-6.76E-01,1.47E-01,2.26E-01,5.80E-02,,-8.38,-3.26,-3.20,-12.64
3.19E+09,-3.32E-01,1.93E-01,-5.25E-01,4.48E-01,-4.90E-01,4.88E-01,1.03E-01,-1.72E-01,,-8.32,-3.22,-3.20,-13.97
3.20E+09,-3.34E-01,2.02E-01,-1.94E-01,6.58E-01,-1.46E-01,6.74E-01,-1.58E-01,-1.64E-01,,-8.16,-3.27,-3.23,-12.85
3.21E+09,-3.41E-01,2.17E-01,1.89E-01,6.51E-01,2.40E-01,6.42E-01,-2.66E-01,6.57E-02,,-7.86,-3.38,-3.28,-11.26
3.22E+09,-3.43E-01,2.42E-01,5.01E-01,4.49E-01,5.43E-01,4.09E-01,-1.19E-01,2.62E-01,,-7.54,-3.44,-3.35,-10.81
3.23E+09,-3.30E-01,2.71E-01,6.67E-01,1.18E-01,6.75E-01,5.71E-02,1.18E-01,2.30E-01,,-7.39,-3.38,-3.39,-11.75
3.24E+09,-3.03E-01,2.87E-01,6.35E-01,-2.61E-01,6.04E-01,-3.11E-01,2.03E-01,9.39E-03,,-7.58,-3.27,-3.36,-13.84
3.25E+09,-2.76E-01,2.84E-01,3.92E-01,-5.71E-01,3.45E-01,-5.93E-01,4.99E-02,-1.64E-01,,-8.04,-3.19,-3.27,-15.33
3.26E+09,-2.68E-01,2.72E-01,1.59E-02,-6.91E-01,-3.39E-02,-6.90E-01,-1.64E-01,-1.06E-01,,-8.36,-3.20,-3.21,-14.19
3.27E+09,-2.75E-01,2.75E-01,-3.57E-01,-5.87E-01,-4.03E-01,-5.58E-01,-2.06E-01,9.85E-02,,-8.20,-3.26,-3.24,-12.82
3.28E+09,-2.67E-01,2.99E-01,-6.15E-01,-3.07E-01,-6.36E-01,-2.53E-01,-5.47E-02,2.22E-01,,-7.94,-3.25,-3.30,-12.83
3.29E+09,-2.32E-01,3.14E-01,-6.92E-01,7.04E-02,-6.75E-01,1.24E-01,1.16E-01,1.48E-01,,-8.16,-3.16,-3.27,-14.51
3.29E+09,-1.90E-01,2.97E-01,-5.49E-01,4.42E-01,-5.10E-01,4.73E-01,1.22E-01,-2.83E-02,,-9.06,-3.04,-3.15,-18.02
3.30E+09,-1.80E-01,2.54E-01,-2.15E-01,6.74E-01,-1.69E-01,6.84E-01,-3.12E-02,-9.99E-02,,-10.13,-3.00,-3.04,-19.60
3.31E+09,-2.06E-01,2.32E-01,1.88E-01,6.79E-01,2.38E-01,6.63E-01,-1.51E-01,1.18E-02,,-10.17,-3.04,-3.04,-16.37
3.32E+09,-2.26E-01,2.51E-01,5.22E-01,4.68E-01,5.55E-01,4.23E-01,-9.71E-02,1.63E-01,,-9.42,-3.09,-3.13,-14.43
3.33E+09,-2.06E-01,2.79E-01,6.93E-01,1.15E-01,6.93E-01,6.15E-02,6.17E-02,1.77E-01,,-9.21,-3.06,-3.16,-14.56
3.34E+09,-1.60E-01,2.70E-01,6.51E-01,-2.82E-01,6.24E-01,-3.23E-01,1.37E-01,3.74E-02,,-10.07,-2.98,-3.07,-16.94
3.35E+09,-1.40E-01,2.20E-01,3.92E-01,-5.98E-01,3.50E-01,-6.21E-01,3.41E-02,-8.52E-02,,-11.67,-2.92,-2.94,-20.74
3.36E+09,-1.72E-01,1.78E-01,-2.58E-03,-7.12E-01,-5.46E-02,-7.11E-01,-1.21E-01,-2.99E-02,,-12.13,-2.95,-2.94,-18.10
3.37E+09,-2.16E-01,1.87E-01,-3.86E-01,-5.90E-01,-4.30E-01,-5.57E-01,-1.27E-01,1.41E-01,,-10.89,-3.04,-3.06,-14.43
3.38E+09,-2.21E-01,2.24E-01,-6.38E-01,-2.90E-01,-6.54E-01,-2.38E-01,3.16E-02,2.19E-01,,-10.05,-3.08,-3.15,-13.09
3.39E+09,-1.87E-01,2.38E-01,-6.97E-01,9.94E-02,-6.83E-01,1.48E-01,1.74E-01,1.05E-01,,-10.38,-3.04,-3.11,-13.85
3.40E+09,-1.59E-01,2.09E-01,-5.35E-01,4.67E-01,-4.99E-01,5.03E-01,1.26E-01,-7.90E-02,,-11.63,-2.97,-3.00,-16.57
3.41E+09,-1.75E-01,1.67E-01,-1.89E-01,6.85E-01,-1.37E-01,6.98E-01,-6.89E-02,-1.08E-01,,-12.32,-2.97,-2.96,-17.87
3.42E+09,-2.18E-01,1.63E-01,2.15E-01,6.70E-01,2.68E-01,6.50E-01,-1.74E-01,6.33E-02,,-11.31,-3.05,-3.06,-14.65
3.43E+09,-2.40E-01,1.94E-01,5.36E-01,4.44E-01,5.68E-01,3.97E-01,-6.21E-02,2.29E-01,,-10.20,-3.14,-3.18,-12.49
3.44E+09,-2.24E-01,2.22E-01,6.90E-01,8.87E-02,6.90E-01,3.37E-02,1.34E-01,1.99E-01,,-10.01,-3.16,-3.21,-12.40
3.45E+09,-1.96E-01,2.17E-01,6.34E-01,-2.99E-01,6.05E-01,-3.45E-01,1.90E-01,8.54E-03,,-10.67,-3.09,-3.14,-14.44
3.46E+09,-1.94E-01,1.87E-01,3.69E-01,-6.01E-01,3.19E-01,-6.25E-01,3.69E-02,-1.20E-01,,-11.39,-3.03,-3.08,-18.01
3.47E+09,-2.25E-01,1.70E-01,-2.24E-02,-7.02E-01,-7.89E-02,-6.95E-01,-1.40E-01,-3.02E-02,,-11.00,-3.06,-3.11,-16.85
3.48E+09,-2.58E-01,1.86E-01,-3.96E-01,-5.71E-01,-4.40E-01,-5.33E-01,-1.28E-01,1.62E-01,,-9.95,-3.16,-3.21,-13.70
3.49E+09,-2.64E-01,2.18E-01,-6.36E-01,-2.68E-01,-6.51E-01,-2.11E-01,4.72E-02,2.26E-01,,-9.31,-3.22,-3.30,-12.74
3.50E+09,-2.47E-01,2.36E-01,-6.84E-01,1.14E-01,-6.62E-01,1.70E-01,1.75E-01,9.43E-02,,-9.33,-3.18,-3.30,-14.05
3.51E+09,-2.33E-01,2.28E-01,-5.16E-01,4.71E-01,-4.68E-01,5.04E-01,1.06E-01,-7.64E-02,,-9.74,-3.12,-3.25,-17.68
3.52E+09,-2.42E-01,2.12E-01,-1.73E-01,6.77E-01,-1.15E-01,6.79E-01,-7.88E-02,-8.18E-02,,-9.84,-3.11,-3.24,-18.89
3.53E+09,-2.69E-01,2.16E-01,2.23E-01,6.56E-01,2.73E-01,6.27E-01,-1.56E-01,8.10E-02,,-9.25,-3.18,-3.31,-15.11
3.54E+09,-2.84E-01,2.43E-01,5.37E-01,4.30E-01,5.62E-01,3.76E-01,-4.27E-02,2.12E-01,,-8.55,-3.25,-3.40,-13.31
3.55E+09,-2.73E-01,2.70E-01,6.86E-01,7.57E-02,6.73E-01,1.76E-02,1.18E-01,1.62E-01,,-8.31,-3.23,-3.43,-13.96
3.56E+09,-2.50E-01,2.72E-01,6.22E-01,-3.11E-01,5.80E-01,-3.49E-01,1.36E-01,-9.46E-03,,-8.64,-3.15,-3.39,-17.30
3.57E+09,-2.48E-01,2.52E-01,3.48E-01,-6.04E-01,2.95E-01,-6.13E-01,-2.39E-02,-9.58E-02,,-9.02,-3.13,-3.34,-20.11
3.58E+09,-2.79E-01,2.44E-01,-4.26E-02,-6.87E-01,-9.19E-02,-6.68E-01,-1.74E-01,2.29E-02,,-8.62,-3.24,-3.42,-15.10
3.59E+09,-3.12E-01,2.75E-01,-3.99E-01,-5.45E-01,-4.31E-01,-5.01E-01,-1.30E-01,2.18E-01,,-7.62,-3.41,-3.61,-11.89
3.60E+09,-3.11E-01,3.29E-01,-6.20E-01,-2.49E-01,-6.19E-01,-1.95E-01,6.91E-02,2.78E-01,,-6.88,-3.51,-3.76,-10.87
3.61E+09,-2.73E-01,3.67E-01,-6.61E-01,1.16E-01,-6.29E-01,1.55E-01,2.31E-01,1.30E-01,,-6.79,-3.47,-3.77,-11.53
3.62E+09,-2.25E-01,3.69E-01,-5.02E-01,4.58E-01,-4.58E-01,4.72E-01,1.85E-01,-9.47E-02,,-7.29,-3.36,-3.63,-13.63
3.63E+09,-2.04E-01,3.44E-01,-1.70E-01,6.63E-01,-1.29E-01,6.56E-01,-3.99E-02,-1.68E-01,,-7.96,-3.29,-3.50,-15.27
3.64E+09,-2.12E-01,3.34E-01,2.20E-01,6.44E-01,2.53E-01,6.19E-01,-2.09E-01,-2.30E-03,,-8.07,-3.34,-3.50,-13.60
3.65E+09,-2.14E-01,3.56E-01,5.26E-01,4.19E-01,5.41E-01,3.79E-01,-1.43E-01,2.20E-01,,-7.63,-3.44,-3.60,-11.61
3.66E+09,-1.85E-01,3.80E-01,6.67E-01,7.74E-02,6.57E-01,3.58E-02,7.92E-02,2.70E-01,,-7.48,-3.46,-3.64,-11.01
3.67E+09,-1.32E-01,3.76E-01,6.13E-01,-2.91E-01,5.84E-01,-3.19E-01,2.32E-01,1.02E-01,,-7.99,-3.37,-3.54,-11.91
3.68E+09,-9.38E-02,3.43E-01,3.64E-01,-5.86E-01,3.27E-01,-5.96E-01,1.59E-01,-1.12E-01,,-8.99,-3.23,-3.35,-14.22
3.69E+09,-9.15E-02,3.00E-01,-1.83E-02,-6.96E-01,-5.65E-02,-6.88E-01,-5.95E-02,-1.43E-01,,-10.07,-3.14,-3.21,-16.22
3.70E+09,-1.05E-01,2.85E-01,-3.97E-01,-5.71E-01,-4.28E-01,-5.44E-01,-1.76E-01,3.22E-02,,-10.35,-3.15,-3.19,-14.95
3.71E+09,-1.00E-01,2.88E-01,-6.42E-01,-2.65E-01,-6.54E-01,-2.23E-01,-7.66E-02,2.00E-01,,-10.31,-3.17,-3.21,-13.40
3.72E+09,-7.24E-02,2.78E-01,-6.87E-01,1.23E-01,-6.73E-01,1.66E-01,1.00E-01,1.85E-01,,-10.83,-3.13,-3.18,-13.54
3.73E+09,-4.78E-02,2.37E-01,-5.16E-01,4.82E-01,-4.81E-01,5.11E-01,1.55E-01,3.48E-02,,-12.34,-3.02,-3.07,-15.99
3.74E+09,-5.55E-02,1.80E-01,-1.66E-01,6.94E-01,-1.21E-01,7.00E-01,4.89E-02,-5.70E-02,,-14.50,-2.93,-2.97,-22.48
3.75E+09,-9.48E-02,1.41E-01,2.48E-01,6.69E-01,2.90E-01,6.51E-01,-5.43E-02,8.99E-03,,-15.39,-2.93,-2.94,-25.18
3.76E+09,-1.38E-01,1.35E-01,5.71E-01,4.22E-01,6.01E-01,3.78E-01,-1.83E-02,1.12E-01,,-14.29,-2.98,-2.97,-18.90
3.77E+09,-1.60E-01,1.45E-01,7.06E-01,4.08E-02,7.06E-01,-1.40E-02,8.32E-02,9.86E-02,,-13.31,-3.01,-3.03,-17.79
3.78E+09,-1.64E-01,1.44E-01,6.12E-01,-3.54E-01,5.81E-01,-3.97E-01,8.81E-02,-4.41E-03,,-13.22,-3.02,-3.05,-21.09
3.78E+09,-1.75E-01,1.21E-01,3.12E-01,-6.31E-01,2.65E-01,-6.51E-01,-2.31E-02,-3.17E-02,,-13.44,-3.05,-3.06,-28.12
3.79E+09,-2.16E-01,9.73E-02,-8.79E-02,-6.89E-01,-1.40E-01,-6.82E-01,-8.82E-02,8.59E-02,,-12.49,-3.17,-3.14,-18.19
3.80E+09,-2.80E-01,1.05E-01,-4.40E-01,-5.20E-01,-4.84E-01,-4.82E-01,1.33E-02,2.04E-01,,-10.49,-3.34,-3.31,-13.81
3.81E+09,-3.28E-01,1.52E-01,-6.41E-01,-2.00E-01,-6.53E-01,-1.39E-01,1.81E-01,1.54E-01,,-8.84,-3.46,-3.50,-12.46
3.82E+09,-3.36E-01,2.10E-01,-6.47E-01,1.75E-01,-6.18E-01,2.28E-01,2.15E-01,-3.72E-02,,-8.04,-3.48,-3.63,-13.21
3.83E+09,-3.19E-01,2.41E-01,-4.47E-01,4.98E-01,-3.99E-01,5.24E-01,4.19E-02,-1.68E-01,,-7.97,-3.48,-3.63,-15.25
3.84E+09,-3.15E-01,2.43E-01,-9.85E-02,6.56E-01,-4.47E-02,6.56E-01,-1.72E-01,-6.35E-02,,-8.01,-3.56,-3.64,-14.74
3.85E+09,-3.46E-01,2.53E-01,2.68E-01,5.91E-01,3.21E-01,5.59E-01,-1.81E-01,1.87E-01,,-7.35,-3.76,-3.82,-11.69
3.86E+09,-3.78E-01,3.07E-01,5.28E-01,3.51E-01,5.50E-01,2.86E-01,3.50E-02,3.24E-01,,-6.24,-3.96,-4.15,-9.73
3.87E+09,-3.67E-01,3.85E-01,6.29E-01,2.51E-02,6.00E-01,-3.70E-02,2.70E-01,2.14E-01,,-5.48,-4.02,-4.43,-9.24
3.88E+09,-3.12E-01,4.39E-01,5.53E-01,-3.11E-01,4.98E-01,-3.35E-01,3.08E-01,-5.19E-02,,-5.37,-3.95,-4.44,-10.11
3.89E+09,-2.49E-01,4.45E-01,3.03E-01,-5.68E-01,2.56E-01,-5.59E-01,9.24E-02,-2.34E-01,,-5.85,-3.82,-4.22,-11.99
3.90E+09,-2.26E-01,4.23E-01,-5.83E-02,-6.43E-01,-9.58E-02,-6.21E-01,-1.84E-01,-1.39E-01,,-6.39,-3.80,-4.04,-12.76
3.91E+09,-2.39E-01,4.32E-01,-3.94E-01,-5.02E-01,-4.20E-01,-4.56E-01,-2.40E-01,1.47E-01,,-6.14,-3.90,-4.15,-11.00
3.92E+09,-2.27E-01,4.83E-01,-5.91E-01,-2.13E-01,-5.79E-01,-1.57E-01,-3.32E-02,3.39E-01,,-5.46,-4.03,-4.44,-9.35
3.93E+09,-1.62E-01,5.26E-01,-6.15E-01,1.26E-01,-5.70E-01,1.54E-01,2.34E-01,2.71E-01,,-5.19,-4.04,-4.57,-8.91
3.94E+09,-7.46E-02,5.17E-01,-4.65E-01,4.37E-01,-4.25E-01,4.30E-01,3.24E-01,1.18E-02,,-5.64,-3.91,-4.37,-9.78
3.95E+09,-1.91E-02,4.58E-01,-1.62E-01,6.32E-01,-1.39E-01,6.18E-01,1.50E-01,-2.06E-01,,-6.78,-3.71,-3.96,-11.87
3.96E+09,-2.17E-02,4.05E-01,2.14E-01,6.27E-01,2.39E-01,6.09E-01,-1.23E-01,-1.68E-01,,-7.83,-3.58,-3.69,-13.64
3.97E+09,-3.17E-02,4.05E-01,5.24E-01,4.09E-01,5.38E-01,3.70E-01,-2.21E-01,7.68E-02,,-7.82,-3.56,-3.70,-12.62
3.98E+09,1.07E-02,4.19E-01,6.62E-01,6.24E-02,6.46E-01,2.31E-02,-7.17E-02,2.66E-01,,-7.56,-3.55,-3.79,-11.20
3.99E+09,8.48E-02,3.79E-01,5.99E-01,-3.04E-01,5.67E-01,-3.22E-01,1.43E-01,2.37E-01,,-8.20,-3.46,-3.71,-11.15
4.00E+09,1.24E-01,2.78E-01,3.49E-01,-5.92E-01,3.17E-01,-5.95E-01,2.18E-01,6.07E-02,,-10.34,-3.26,-3.42,-12.91
4.01E+09,8.38E-02,1.77E-01,-3.67E-02,-7.02E-01,-7.09E-02,-6.93E-01,1.17E-01,-6.77E-02,,-14.16,-3.06,-3.15,-17.39
4.02E+09,1.16E-02,1.41E-01,-4.29E-01,-5.68E-01,-4.57E-01,-5.37E-01,-7.18E-03,-4.18E-02,,-16.98,-2.95,-3.03,-27.46
4.03E+09,-1.93E-02,1.44E-01,-6.76E-01,-2.32E-01,-6.80E-01,-1.89E-01,-2.17E-02,3.91E-02,,-16.77,-2.92,-3.03,-26.99
4.04E+09,-1.86E-02,1.16E-01,-6.90E-01,1.85E-01,-6.70E-01,2.23E-01,1.68E-02,5.02E-02,,-18.61,-2.92,-3.02,-25.52
4.05E+09,-5.03E-02,5.11E-02,-4.67E-01,5.39E-01,-4.30E-01,5.60E-01,-3.71E-03,2.68E-02,,-22.89,-2.94,-3.02,-31.36
4.06E+09,-1.37E-01,9.32E-03,-8.30E-02,7.00E-01,-4.08E-02,6.98E-01,-4.98E-02,7.86E-02,,-17.23,-3.03,-3.11,-20.63
4.07E+09,-2.30E-01,2.69E-02,3.14E-01,6.15E-01,3.48E-01,5.93E-01,5.81E-03,1.78E-01,,-12.71,-3.21,-3.26,-15.00
4.08E+09,-2.85E-01,7.41E-02,5.86E-01,3.35E-01,6.07E-01,2.99E-01,1.61E-01,1.66E-01,,-10.61,-3.41,-3.39,-12.71
4.09E+09,-3.14E-01,1.13E-01,6.63E-01,-3.44E-02,6.63E-01,-8.29E-02,2.40E-01,-1.03E-02,,-9.54,-3.55,-3.50,-12.41
4.10E+09,-3.43E-01,1.42E-01,5.32E-01,-3.85E-01,4.99E-01,-4.28E-01,1.01E-01,-1.93E-01,,-8.60,-3.65,-3.65,-13.24
4.11E+09,-3.77E-01,1.81E-01,2.30E-01,-6.05E-01,1.77E-01,-6.17E-01,-1.54E-01,-1.55E-01,,-7.57,-3.78,-3.85,-13.20
4.12E+09,-3.99E-01,2.34E-01,-1.34E-01,-6.16E-01,-1.81E-01,-5.99E-01,-2.50E-01,1.08E-01,,-6.71,-4.01,-4.07,-11.29
4.13E+09,-4.06E-01,2.88E-01,-4.28E-01,-4.36E-01,-4.64E-01,-3.98E-01,-6.33E-02,3.31E-01,,-6.06,-4.27,-4.28,-9.44
4.14E+09,-4.04E-01,3.42E-01,-5.80E-01,-1.47E-01,-5.90E-01,-8.60E-02,2.32E-01,2.91E-01,,-5.53,-4.46,-4.49,-8.59
4.15E+09,-3.91E-01,4.00E-01,-5.71E-01,1.73E-01,-5.33E-01,2.33E-01,3.65E-01,1.51E-02,,-5.04,-4.49,-4.72,-8.75
4.16E+09,-3.57E-01,4.56E-01,-3.98E-01,4.52E-01,-3.29E-01,4.66E-01,2.05E-01,-2.57E-01,,-4.75,-4.41,-4.87,-9.66
4.17E+09,-3.07E-01,4.91E-01,-9.23E-02,6.00E-01,-4.14E-02,5.70E-01,-1.19E-01,-2.69E-01,,-4.74,-4.33,-4.86,-10.63
4.18E+09,-2.62E-01,5.03E-01,2.47E-01,5.52E-01,2.70E-01,5.12E-01,-3.01E-01,2.10E-03,,-4.92,-4.37,-4.75,-10.42
4.19E+09,-2.37E-01,5.13E-01,4.98E-01,3.31E-01,5.06E-01,2.82E-01,-1.74E-01,2.94E-01,,-4.97,-4.47,-4.74,-9.34
4.20E+09,-2.12E-01,5.44E-01,5.93E-01,2.14E-02,5.66E-01,-3.40E-02,1.28E-01,3.50E-01,,-4.68,-4.54,-4.93,-8.58
4.21E+09,-1.55E-01,5.80E-01,5.21E-01,-2.92E-01,4.58E-01,-3.12E-01,3.43E-01,1.43E-01,,-4.44,-4.48,-5.13,-8.59
4.22E+09,-7.10E-02,5.85E-01,2.94E-01,-5.33E-01,2.43E-01,-5.02E-01,3.01E-01,-1.50E-01,,-4.60,-4.31,-5.07,-9.47
4.23E+09,4.40E-03,5.42E-01,-4.13E-02,-6.20E-01,-4.87E-02,-5.80E-01,3.45E-02,-2.78E-01,,-5.31,-4.13,-4.71,-11.05
4.24E+09,3.18E-02,4.79E-01,-3.78E-01,-5.02E-01,-3.76E-01,-4.83E-01,-2.14E-01,-1.24E-01,,-6.37,-4.04,-4.27,-12.14
4.25E+09,2.42E-02,4.55E-01,-5.89E-01,-2.15E-01,-5.93E-01,-1.88E-01,-2.15E-01,1.57E-01,,-6.82,-4.05,-4.12,-11.50
4.26E+09,5.35E-02,4.68E-01,-6.13E-01,1.32E-01,-5.90E-01,1.66E-01,8.11E-03,2.99E-01,,-6.54,-4.05,-4.25,-10.49
4.27E+09,1.33E-01,4.46E-01,-4.55E-01,4.41E-01,-4.14E-01,4.48E-01,2.33E-01,1.99E-01,,-6.65,-3.97,-4.30,-10.28
4.27E+09,2.01E-01,3.49E-01,-1.52E-01,6.30E-01,-1.25E-01,6.13E-01,2.69E-01,-2.69E-02,,-7.91,-3.77,-4.07,-11.35
4.28E+09,1.86E-01,2.16E-01,2.22E-01,6.27E-01,2.39E-01,6.11E-01,1.13E-01,-1.64E-01,,-10.91,-3.55,-3.66,-14.03
4.29E+09,9.54E-02,1.47E-01,5.43E-01,4.07E-01,5.62E-01,3.80E-01,-5.91E-02,-1.08E-01,,-15.14,-3.37,-3.37,-18.21
4.30E+09,3.89E-02,1.59E-01,6.85E-01,3.59E-02,6.84E-01,-8.73E-03,-8.76E-02,3.13E-02,,-15.73,-3.27,-3.30,-20.63
4.31E+09,5.60E-02,1.49E-01,5.94E-01,-3.55E-01,5.61E-01,-3.91E-01,-1.48E-02,9.45E-02,,-15.97,-3.20,-3.30,-20.38
4.32E+09,5.10E-02,6.09E-02,2.95E-01,-6.30E-01,2.45E-01,-6.39E-01,2.64E-02,7.96E-02,,-22.00,-3.15,-3.29,-21.53
4.33E+09,-5.62E-02,-2.98E-02,-1.11E-01,-6.86E-01,-1.58E-01,-6.59E-01,2.49E-02,9.10E-02,,-23.93,-3.16,-3.37,-20.51
4.34E+09,-2.04E-01,-1.08E-02,-4.72E-01,-4.99E-01,-4.87E-01,-4.49E-01,7.85E-02,1.32E-01,,-13.78,-3.26,-3.57,-16.26
4.35E+09,-2.81E-01,8.66E-02,-6.59E-01,-1.50E-01,-6.42E-01,-1.12E-01,1.89E-01,8.31E-02,,-10.64,-3.41,-3.72,-13.71
4.36E+09,-2.73E-01,1.55E-01,-6.22E-01,2.34E-01,-6.01E-01,2.54E-01,2.02E-01,-8.69E-02,,-10.07,-3.55,-3.71,-13.14
4.37E+09,-2.66E-01,1.56E-01,-3.83E-01,5.30E-01,-3.56E-01,5.50E-01,2.00E-02,-2.05E-01,,-10.21,-3.70,-3.67,-13.74
4.38E+09,-3.25E-01,1.53E-01,-2.55E-02,6.36E-01,2.24E-02,6.38E-01,-2.03E-01,-7.79E-02,,-8.89,-3.92,-3.89,-13.26
4.39E+09,-3.96E-01,2.19E-01,3.14E-01,5.28E-01,3.50E-01,4.92E-01,-1.95E-01,2.08E-01,,-6.89,-4.24,-4.38,-10.89
4.40E+09,-4.08E-01,3.22E-01,5.25E-01,2.72E-01,5.29E-01,2.30E-01,7.11E-02,3.51E-01,,-5.68,-4.56,-4.79,-8.93
4.41E+09,-3.67E-01,3.98E-01,5.76E-01,-3.76E-02,5.66E-01,-6.80E-02,3.42E-01,1.91E-01,,-5.33,-4.78,-4.88,-8.14
4.42E+09,-3.18E-01,4.27E-01,4.72E-01,-3.26E-01,4.53E-01,-3.60E-01,3.53E-01,-1.37E-01,,-5.47,-4.83,-4.75,-8.44
4.43E+09,-3.00E-01,4.38E-01,2.33E-01,-5.27E-01,1.83E-01,-5.53E-01,6.75E-02,-3.27E-01,,-5.50,-4.79,-4.70,-9.53
4.44E+09,-2.96E-01,4.72E-01,-8.29E-02,-5.70E-01,-1.46E-01,-5.50E-01,-2.49E-01,-1.74E-01,,-5.09,-4.79,-4.89,-10.35
4.45E+09,-2.68E-01,5.22E-01,-3.70E-01,-4.37E-01,-4.00E-01,-3.80E-01,-2.80E-01,1.71E-01,,-4.63,-4.85,-5.16,-9.68
4.46E+09,-2.11E-01,5.57E-01,-5.40E-01,-1.80E-01,-5.33E-01,-1.23E-01,-1.49E-02,3.68E-01,,-4.50,-4.89,-5.25,-8.67
4.47E+09,-1.51E-01,5.62E-01,-5.61E-01,1.24E-01,-5.27E-01,1.70E-01,2.78E-01,2.60E-01,,-4.71,-4.81,-5.13,-8.39
4.48E+09,-1.07E-01,5.50E-01,-4.26E-01,4.08E-01,-3.66E-01,4.32E-01,3.46E-01,-3.24E-02,,-5.03,-4.58,-4.94,-9.17
4.49E+09,-7.46E-02,5.42E-01,-1.46E-01,5.91E-01,-7.73E-02,5.68E-01,1.42E-01,-2.38E-01,,-5.25,-4.31,-4.83,-11.16
4.50E+09,-3.82E-02,5.35E-01,2.06E-01,5.88E-01,2.39E-01,5.26E-01,-1.28E-01,-1.72E-01,,-5.41,-4.10,-4.76,-13.37
4.51E+09,2.52E-03,5.18E-01,5.00E-01,3.83E-01,4.89E-01,3.23E-01,-2.03E-01,7.05E-02,,-5.71,-4.01,-4.64,-13.35
4.52E+09,3.46E-02,4.90E-01,6.32E-01,5.05E-02,5.97E-01,1.09E-02,-5.58E-02,2.44E-01,,-6.17,-3.96,-4.48,-12.03
4.53E+09,5.93E-02,4.64E-01,5.66E-01,-3.00E-01,5.16E-01,-3.19E-01,1.44E-01,2.21E-01,,-6.60,-3.87,-4.34,-11.58
4.54E+09,8.98E-02,4.34E-01,3.20E-01,-5.68E-01,2.66E-01,-5.54E-01,2.28E-01,6.20E-02,,-7.06,-3.71,-4.23,-12.55
4.55E+09,1.20E-01,3.84E-01,-4.45E-02,-6.63E-01,-7.44E-02,-6.22E-01,1.51E-01,-7.92E-02,,-7.92,-3.55,-4.06,-15.35
4.56E+09,1.23E-01,3.10E-01,-4.10E-01,-5.35E-01,-4.13E-01,-4.95E-01,1.25E-02,-9.37E-02,,-9.54,-3.43,-3.82,-20.49
4.57E+09,8.17E-02,2.52E-01,-6.42E-01,-2.19E-01,-6.33E-01,-1.85E-01,-6.23E-02,-3.12E-03,,-11.55,-3.37,-3.61,-24.10
4.58E+09,3.67E-02,2.38E-01,-6.58E-01,1.72E-01,-6.34E-01,2.05E-01,-3.47E-02,8.50E-02,,-12.35,-3.35,-3.53,-20.74
4.59E+09,2.98E-02,2.36E-01,-4.56E-01,5.07E-01,-4.14E-01,5.24E-01,2.97E-02,1.01E-01,,-12.48,-3.33,-3.50,-19.57
4.60E+09,3.28E-02,1.92E-01,-1.01E-01,6.77E-01,-5.48E-02,6.70E-01,5.49E-02,7.01E-02,,-14.20,-3.29,-3.44,-21.01
4.61E+09,-1.69E-02,1.25E-01,2.91E-01,6.21E-01,3.34E-01,5.88E-01,4.47E-02,6.06E-02,,-17.99,-3.28,-3.40,-22.47
4.62E+09,-1.21E-01,1.11E-01,5.85E-01,3.55E-01,6.00E-01,2.93E-01,6.00E-02,7.81E-02,,-15.68,-3.30,-3.51,-20.13
4.63E+09,-1.95E-01,1.74E-01,6.80E-01,-2.70E-02,6.47E-01,-8.39E-02,1.12E-01,5.33E-02,,-11.66,-3.34,-3.72,-18.11
4.64E+09,-1.93E-01,2.42E-01,5.49E-01,-3.96E-01,4.95E-01,-4.13E-01,1.17E-01,-4.27E-02,,-10.19,-3.39,-3.81,-18.10
4.65E+09,-1.65E-01,2.48E-01,2.35E-01,-6.29E-01,1.92E-01,-6.21E-01,3.18E-03,-1.13E-01,,-10.52,-3.46,-3.74,-18.95
4.66E+09,-1.88E-01,2.18E-01,-1.51E-01,-6.43E-01,-1.93E-01,-6.23E-01,-1.42E-01,-2.95E-02,,-10.81,-3.61,-3.72,-16.79
4.67E+09,-2.61E-01,2.39E-01,-4.67E-01,-4.44E-01,-4.96E-01,-3.91E-01,-1.36E-01,1.65E-01,,-9.02,-3.81,-4.00,-13.40
4.68E+09,-2.94E-01,3.23E-01,-6.18E-01,-1.20E-01,-5.97E-01,-6.02E-02,5.92E-02,2.62E-01,,-7.19,-4.02,-4.43,-11.43
4.69E+09,-2.56E-01,4.01E-01,-5.78E-01,2.24E-01,-5.31E-01,2.45E-01,2.59E-01,1.26E-01,,-6.46,-4.16,-4.66,-10.82
4.70E+09,-1.89E-01,4.15E-01,-3.65E-01,4.94E-01,-3.35E-01,4.89E-01,2.37E-01,-1.34E-01,,-6.82,-4.24,-4.54,-11.32
4.71E+09,-1.65E-01,3.81E-01,-4.13E-02,6.07E-01,-1.50E-02,6.10E-01,-1.63E-02,-2.44E-01,,-7.64,-4.32,-4.29,-12.24
4.72E+09,-2.02E-01,3.74E-01,2.87E-01,5.26E-01,3.33E-01,5.09E-01,-2.36E-01,-6.68E-02,,-7.43,-4.45,-4.32,-12.19
4.73E+09,-2.20E-01,4.32E-01,5.13E-01,2.90E-01,5.35E-01,2.32E-01,-1.79E-01,2.09E-01,,-6.29,-4.60,-4.68,-11.21
4.74E+09,-1.76E-01,4.93E-01,5.82E-01,-2.14E-02,5.59E-01,-7.27E-02,9.07E-02,2.87E-01,,-5.62,-4.69,-4.97,-10.42
4.75E+09,-1.02E-01,5.01E-01,4.86E-01,-3.22E-01,4.49E-01,-3.45E-01,2.87E-01,9.12E-02,,-5.82,-4.69,-4.94,-10.42
4.76E+09,-5.86E-02,4.58E-01,2.46E-01,-5.35E-01,2.09E-01,-5.48E-01,2.09E-01,-1.72E-01,,-6.71,-4.60,-4.64,-11.36
4.76E+09,-7.52E-02,4.23E-01,-7.85E-02,-5.89E-01,-1.35E-01,-5.85E-01,-5.36E-02,-2.21E-01,,-7.34,-4.52,-4.43,-12.87
4.77E+09,-9.90E-02,4.46E-01,-3.84E-01,-4.58E-01,-4.32E-01,-4.06E-01,-2.04E-01,-1.60E-02,,-6.80,-4.48,-4.53,-13.79
4.78E+09,-7.10E-02,4.87E-01,-5.70E-01,-1.84E-01,-5.70E-01,-1.12E-01,-8.91E-02,1.94E-01,,-6.15,-4.45,-4.72,-13.40
4.79E+09,-1.07E-02,4.86E-01,-5.86E-01,1.48E-01,-5.46E-01,1.98E-01,1.31E-01,1.84E-01,,-6.26,-4.37,-4.72,-12.92
4.80E+09,2.58E-02,4.37E-01,-4.25E-01,4.45E-01,-3.69E-01,4.68E-01,2.08E-01,-4.01E-03,,-7.18,-4.22,-4.49,-13.64
4.81E+09,6.80E-03,3.88E-01,-1.18E-01,6.16E-01,-5.20E-02,6.10E-01,7.66E-02,-1.35E-01,,-8.23,-4.04,-4.27,-16.17
4.82E+09,-3.19E-02,3.89E-01,2.41E-01,5.88E-01,2.97E-01,5.36E-01,-7.92E-02,-6.12E-02,,-8.17,-3.94,-4.25,-19.99
4.83E+09,-3.38E-02,4.18E-01,5.26E-01,3.62E-01,5.35E-01,2.86E-01,-5.88E-02,1.02E-01,,-7.54,-3.90,-4.34,-18.59
4.84E+09,-4.63E-03,4.25E-01,6.40E-01,1.88E-02,6.06E-01,-4.24E-02,9.45E-02,1.37E-01,,-7.43,-3.87,-4.33,-15.57
4.85E+09,1.36E-02,3.99E-01,5.53E-01,-3.33E-01,4.95E-01,-3.66E-01,1.81E-01,8.32E-03,,-7.98,-3.79,-4.22,-14.82
4.86E+09,-1.28E-04,3.73E-01,2.85E-01,-5.88E-01,2.15E-01,-5.85E-01,9.34E-02,-1.21E-01,,-8.57,-3.69,-4.11,-16.32
4.87E+09,-2.38E-02,3.76E-01,-8.64E-02,-6.52E-01,-1.42E-01,-6.05E-01,-6.62E-02,-8.84E-02,,-8.49,-3.64,-4.13,-19.13
4.88E+09,-2.58E-02,3.92E-01,-4.30E-01,-4.96E-01,-4.45E-01,-4.29E-01,-1.04E-01,7.33E-02,,-8.11,-3.66,-4.18,-17.92
4.89E+09,-1.16E-02,3.96E-01,-6.29E-01,-1.82E-01,-6.06E-01,-1.23E-01,2.18E-02,1.79E-01,,-8.04,-3.68,-4.17,-14.87
4.90E+09,-3.50E-03,3.84E-01,-6.29E-01,1.88E-01,-5.81E-01,2.26E-01,1.71E-01,1.17E-01,,-8.31,-3.66,-4.11,-13.67
4.91E+09,-7.28E-03,3.72E-01,-4.28E-01,5.04E-01,-3.66E-01,5.10E-01,1.85E-01,-4.33E-02,,-8.58,-3.59,-4.05,-14.41
4.92E+09,-1.34E-02,3.70E-01,-7.91E-02,6.60E-01,-2.79E-02,6.28E-01,4.29E-02,-1.33E-01,,-8.64,-3.55,-4.03,-17.12
4.93E+09,-1.36E-02,3.67E-01,2.98E-01,5.91E-01,3.19E-01,5.43E-01,-1.08E-01,-4.95E-02,,-8.70,-3.58,-4.02,-18.50
4.94E+09,-1.38E-02,3.62E-01,5.68E-01,3.29E-01,5.65E-01,2.83E-01,-1.14E-01,1.22E-01,,-8.83,-3.66,-3.99,-15.56
4.95E+09,-1.65E-02,3.58E-01,6.52E-01,-3.01E-02,6.29E-01,-7.09E-02,2.36E-02,2.12E-01,,-8.91,-3.71,-3.98,-13.44
4.96E+09,-1.13E-02,3.53E-01,5.35E-01,-3.79E-01,4.90E-01,-4.02E-01,1.65E-01,1.41E-01,,-9.05,-3.67,-3.96,-13.26
4.97E+09,-4.66E-03,3.37E-01,2.42E-01,-6.15E-01,1.95E-01,-6.08E-01,1.67E-01,-1.55E-02,,-9.45,-3.60,-3.90,-15.49
4.98E+09,-1.45E-02,3.06E-01,-1.40E-01,-6.47E-01,-1.72E-01,-6.23E-01,2.81E-02,-8.77E-02,,-10.26,-3.58,-3.79,-20.72
4.99E+09,-4.91E-02,2.89E-01,-4.71E-01,-4.57E-01,-4.93E-01,-4.24E-01,-9.46E-02,3.25E-03,,-10.67,-3.65,-3.74,-20.48
5.00E+09,-8.37E-02,3.07E-01,-6.37E-01,-1.23E-01,-6.41E-01,-7.67E-02,-6.77E-02,1.43E-01,,-9.95,-3.76,-3.80,-16.02
